id,Accept
3ee0bf47b0e,1
b863435e6f5,0
56b92a38f67,0
7bf199d7801,1
7ec3d2dbac4,0
f5bb0e18cd4,0
ac33cf3472b,1
675cbc56c5e,1
bc5ea5da1dc,0
1275c224b2e,1
90d46a65d61,0
ba953e15502,0
6d5f05bc2e3,1
e8f52501b04,0
c48cf59aa10,1
b06eec7dadf,1
89bbdca27b3,0
4b880c8523a,0
20c2332b9c2,1
6623b2accb5,1
6383d0c8089,1
44d55255694,1
b35f3525b37,0
9d6a4ad7c2b,1
5e505d154fd,1
c5180f99500,0
bd23be32443,1
bfa86a3bd2d,1
aa365b78764,1
041d1db22f5,1
43751418ee8,0
f43cc9ceda6,1
8c3659445b9,0
7a5b90e3ff1,1
f96211cdc95,0
c39d836bd21,1
c42467f2fed,1
6f4c0859a2a,0
de4e0bc7387,1
217bbd88655,0
1ea8866ca4b,0
afc6520c248,1
8b3ea36ff60,0
2b68d09c924,1
c1ab66c052a,0
b67fb078efa,1
6e3c495f4dd,1
c66e2e7b1cf,0
e5aae461c7d,0
eda4ff3b74c,1
955358b0e24,0
224d22f57f8,0
357659a8086,0
d479c66a074,0
b784cd04e94,0
5a16e76d8a3,1
54a6c737ec6,1
725f9818809,1
545a8f8f0e5,1
8e3f4b98a54,1
72f73042b9a,0
620b2f5f32a,0
74399689ca0,0
2ed7795aedb,0
f2f30eb846c,1
de802238e39,0
a472886f64c,1
78fdc77191e,0
4c5fa6d1e67,0
5ae53f06df2,0
ff1c0edb676,0
1b10f018c92,1
a5f0756829c,0
6ab3eba8e6f,0
f67b64973eb,1
0418e5679c4,0
73597747e9b,1
7aa64539990,0
61d15c56175,0
a8256890bb8,0
2772bbdfa0e,1
b756f1e49b5,0
75cca30944b,0
92cdc2e905c,1
102ff2ed0d8,0
b918331c435,0
b5b89de74be,1
dc3cae91808,1
9cac839fa43,0
9345a116965,1
0e7acd3469c,0
c2fe51cbcf5,0
14e7f31c1da,0
8042f850484,0
47d811850e0,1
033a08fe8b8,0
5606a1ddcdd,0
ac5eab763d5,1
ef8c25bba6c,1
32238c7c181,1
21513efd54e,1
dc6feb27ce7,1
08fa911228a,0
cfbd515fe8c,1
8054ade1195,0
7e6ce4c8567,1
4125910fbe4,0
905161399d0,0
41a68cf969d,1
18feb67340a,1
9a3c6f11854,1
a63a316fcef,1
268210e87d4,0
015e2d0d01d,1
6d391512989,1
954e9074b25,1
d5aec1dd88f,0
85cd0152e0f,0
d77e9e90e4f,0
e70d12089bd,0
f5d177f43ef,1
2e7d9208c28,0
6bae68a295c,1
990e03f29cf,1
89e8202f155,1
d9503a04d75,0
be3c003a05e,0
7815faeee19,0
0d3d80e3804,0
d8247372640,1
0db5dfc321f,0
626f5db0c1a,1
4bf4708014d,0
39f57ae1ff2,0
4caa3d71243,0
56b66ec27d5,0
cdca322cfc8,0
4115e724286,0
8f3d1814fd9,1
205ba761010,1
442e1dff84e,1
cccd8a4e475,0
791ad984207,0
48f87bf4551,0
586596906f1,1
bc601c48862,1
bb4138d99b4,1
7366ca7d42e,1
e7441b7be58,1
3cd49b107c1,1
7a27b47dd88,1
07e6d4dd818,0
7a4265c85b3,1
80017aa65b4,0
61dc8ec9ffb,0
cbab0d09b8e,1
2dc911f6d25,1
2105e21759a,0
2240632b00b,0
4db52bcddbc,0
c4e0134632d,1
2e7afcfe99c,1
de531f0a6aa,0
5c8be46d511,0
390302b1703,0
b3a3d37a20f,1
697e80b0df8,0
5665cf174d3,0
7f838cadb6f,1
115cd2f048d,1
0469384ea71,0
4d3cfd77fc0,0
45a21f8ea45,0
e5902d30cbb,1
d25b4e9af0b,0
d46363c8049,0
603cc2dadb5,1
5bcd6572791,0
58cd772c402,0
e4eaea1e26b,0
f09b091bbc7,0
bd6f08c7a69,1
8eae109fe09,0
a509c30ceba,1
a0cbe996eb0,1
0c69238e338,0
c0201f04661,0
0d62c48291c,0
37c31e28fcf,1
19f2ffadec0,0
0b9a6452ba3,0
5b5dda67bf8,0
fb5ba762393,1
f5ec5c8c1f4,1
e165e420779,1
289ea5e75fb,0
b513117d8b9,0
0aa2d086c72,0
1b9eb345614,1
c47dd58973f,1
59f0af9f258,0
69fe09eba76,0
12007614c80,0
29d76310a2a,1
4159df11b98,0
5a4e5316bfb,1
7a160f6b0f1,1
01543a5b2e0,1
2f7561a66b3,1
ce9fa4fdf41,1
3794886c697,1
fd869876de6,1
2e391e3fa26,0
675c41ffcd0,0
4952c78aed0,1
d7bdcefaf7a,0
1b05314462a,1
48cf9534beb,0
aff85c80413,0
46367dcffc4,1
42cf4488d2e,1
ff58cc397c5,0
11e46ac58da,1
fbe7fa32eaa,1
73275f4e0d6,1
0ad6d483439,0
1e37fc4c64b,1
56a11da856d,1
67c8c331a3f,1
2be753ac5f4,1
450223668f0,0
8cff5dcb313,1
929ecd4a3a4,0
7a2ca0f4833,1
8b2f0fee4e5,0
0592632429c,1
49f13ed3f25,0
f3923980620,1
78350a30ca0,0
d511a45b6d9,0
eceba373ac5,0
6e364946a0f,0
220f617918b,0
8ce163b5e2b,1
9d21b8a13bc,1
caff199aee4,1
1ca366ee0be,0
bc47edc89a6,0
cd23d587042,1
3d527a56119,1
f7acbb10b2f,0
e66de6e22e7,0
2e649acac39,0
5c7e796d019,0
e06b35bc749,1
3f77c55fc03,1
bb15aad3e36,0
2b5061aa10e,0
b32941e5f66,0
5c6d2295a35,1
df0a6997af5,0
72d09c8284c,1
b70cf5a5da8,1
8231884b319,1
544fec41a3a,0
c9bc3c10164,0
50849a3a898,1
563dd9afcf6,0
a86f0ed7b22,1
da059453782,0
10ba372eb4f,1
58df35858d0,1
7de5ce54b3a,1
d436d268b02,1
47335c9a657,0
ca6c1c843e9,1
6576b6166b9,0
f6d3f234f31,1
313d337d452,1
d6f917aa68a,0
add311745a6,0
839791eacec,1
6cbcb91860c,0
1bcfbb83669,0
724453fc250,1
b923012a420,0
51c70156539,0
f3ee0520352,1
910faeafcf6,1
d7cf8260291,1
7cee13dbc95,0
d6dda56c287,0
08ad794afb4,1
ed0a2c159c0,1
85a65ca4467,1
865aaf4a978,1
aeda0ec9be6,0
49567fe6abe,0
19445f73251,1
68b97ed4a86,1
801f97c4186,0
2aaf57b7e9d,1
74d0baf9071,1
a1830828e80,1
0d9cd57edae,0
e3978a0b3ac,0
13404e31303,1
0bbbe37694d,0
0f04471c22c,1
2bccab22dab,1
5983604ffc3,0
53202a012aa,1
d1299156cd2,1
fa55be5b234,0
c828ad52ddd,1
00b747be439,1
dec0eea7171,0
28af8fc57af,0
11972d57a7a,0
22f272edff7,1
d7c02d67f30,0
f4fa7de1be8,1
a3ad1c711f8,0
13458424f79,1
9df89914a0b,0
84d934bd9d8,1
53baf183c02,0
4568bd3b551,0
cb42f859688,1
7b33f580a8a,1
440e9c9cc3c,1
e27961f3fec,1
98d3eb56f37,1
1cd7d76f1d3,0
33c12bbb3d3,0
fb326e04aba,0
e42aca72034,0
bf44de98f05,1
3397360c64a,0
2750bfc1740,1
cdc3a41149c,0
250ec0e532a,1
25a2684dc61,1
b17c3f8f323,0
ee7a31c6fd1,0
71d04dd00b4,0
8896b6cbaac,0
b683e031109,1
8b40162fbc0,1
6aad22e8b3d,1
043816fcca7,1
314561f9abf,1
e83386aa0e1,0
2685315b4f5,1
89d4bca44e9,1
91fd4f36d56,0
4c1328ac34f,1
7a546ea7403,1
911a98faf59,1
2cbe2109e1b,0
88c71ec5991,1
aedf8958055,0
8a72bb693d5,0
6212aa29510,1
93b5bf59ea2,1
7ce8d7bebcd,1
361075c21ff,1
0e3668ac2e9,1
b4591e255bc,1
4a52cf9628f,0
e71184f2ff0,1
d5789ed49b1,1
93b9e37a945,0
45a4467da18,1
23d6152d300,0
77903d5dc6d,1
c2295fc2051,1
f72b82fcb47,0
edf421032cc,1
425bbde450f,0
0a4d8198492,0
179d96ce23e,0
dfec3e87b3c,0
6f5928e5c22,1
9bce318d65a,0
371f21d7724,1
02286e19f87,0
ba46a18aacd,0
bb083dbc99a,0
6ce3067cd3c,0
4555983ac36,1
5c76ba7e64d,0
fed66f91a38,0
873d30534dc,1
7dabd4e1b96,0
9242aeaf548,1
bdaae41d5a9,0
ec9a8dc54cb,1
2b93eccbf41,0
c50f68a0967,1
cbb895da429,1
57818ece767,0
3e008a38c4e,0
f30a8abad4e,0
3cddd6d0a7c,1
c9359fcc954,0
885ed3bf481,1
5d9eb9505ba,1
fc710e9740f,0
d6786969c49,0
bcb1f1510eb,1
7c6b62ac565,1
5f40a7d7a0c,0
82e323c3d89,1
f5dd31c8951,1
5fd5832caa6,0
8557d8658d4,0
bda06168745,1
9b23e6e6980,1
4b3525f8c34,0
f242b2529be,0
038dbee9349,0
798097bf858,0
613dc5dc55b,0
070e3c8c873,0
2d5af2c72e2,0
388081a0cc2,1
ffb13344623,0
f4fd3b8aa30,1
0b16a96e54a,1
8f5e3ecf9bf,0
dbc859afef5,1
15e544ab423,1
58f0a2ed836,1
3b6cd6e83d5,1
5f933ef4268,0
734cb1d57cc,0
7c5b3e9b346,1
bc3b9f62311,0
65fe39a51bf,0
58576d270ff,1
c2438cd539b,0
9942142a529,0
913a24d82f0,1
410f9c9b597,0
5840586dc9b,0
5cecf74eaab,0
f585fdf18ce,1
deda986334d,1
ddc2b731aea,0
54ccb4d7718,1
763a07e3727,1
2ccf9423c57,0
a211af1172c,0
a3246812240,1
1989352d807,0
dba17838e1d,1
222fc615eac,1
edf9f096950,0
e3096cb10ce,1
315480061b4,1
d436b6a7965,1
b73c142042e,1
9ac84567968,0
aca2fc74e00,0
edc61bae608,0
35684492884,1
fa5decd4302,1
ab0b705e703,1
b27b61e9312,1
f8355485b72,1
1a3a71bbaa8,1
9b6fc69ae99,0
f2753dcf3fe,1
4a115edd7a9,1
0be93f81a9f,1
bdd590f4a3a,0
3e9bbe38643,1
b0d37a2e949,1
5a079a77c8d,1
378791d3650,1
82e15556fd1,0
f8b7c54edc2,0
083edec153e,1
87dfc0bf3b4,0
21a88f5aef7,0
9fecec2b0cf,0
cecab7cb03f,1
bfb9d378200,1
5279f16c56d,0
0c0c93c26a5,1
fb042e907c6,0
32fe5a0bd09,1
aff97909a56,0
7a6b1c99689,0
39a10a0652b,0
38be6823b53,0
4dbf1c3c7f3,1
bda2a93ec0d,0
bd3583483ff,0
613aff1add7,0
87561ce71f7,1
5606c12ef4e,1
c58799754b0,1
48b2bf80e33,0
3474b96717e,0
82a79f6646a,1
194e1062238,0
04811028c91,1
4ae446d165f,0
87fbd2e7bfe,0
f80a066e5b1,0
abc2f2a9dad,1
d1700c63a91,0
16bf8cc3d35,1
6e9e27fbb67,0
b675802c288,1
f36e84e3ef7,1
a92233cf9d7,1
e26fd8cfdcf,1
7a64f385c57,0
82e91fff86a,1
d6400c7f6ba,0
ebc989cf707,0
8b653986fbd,0
10d60056f2a,1
caacec4c4bf,0
f3f0f02776b,0
f2eea01a603,0
0cfe2d992cf,0
a3ccd3e29e7,1
00cb19f1baa,1
7e03834815e,0
518bdd0fe1d,1
657128f544d,1
531de167964,1
0d06c635073,0
8cde26d2622,0
68b358445e2,0
f85a95845c2,0
e05136ab6ff,1
2bbbc130d1d,1
24f5e9f5a2e,0
6b77a11f4c0,1
daa7652f3f5,1
2e1817ecc05,0
c0f6fc666ef,0
9b84687e36f,0
08722085158,0
342e2588c02,1
0e5ca52ae76,0
b537721d11c,1
805f75f84df,0
1b6130c56aa,0
5f9d5545892,0
452cafc2e24,1
d58b55af2a2,0
1fad1674061,1
feac805461a,0
fe5719688d4,1
df4b08a3a3c,1
3a5de95bad5,0
ecc9e721290,0
e9f128c0b7c,1
0b3fbfe28a5,0
fc78daf7c61,0
33b2d126601,0
328d73ca58f,1
081e4a468ae,1
beff45af271,1
d304781fb06,0
07a518844e3,1
7cc4deac41f,0
3f06fcf3e86,1
3123c572d23,1
6b9cee81b3f,1
c11c5975968,1
b045e905900,0
dd2dac1cfad,0
b19d807b2be,0
4a36f44ceb4,0
d7442e7c4bd,1
ce0b5bf517c,1
86d14a0f4e2,0
d0de8b180e7,0
93f9ebbf6d8,0
bee8b984000,0
466db385ce3,0
c78c4c49ab6,0
6089a5f83d4,1
428557a96e5,0
d2d580b5ef0,1
4c4099c01c8,0
5c7e42f9fcc,1
c466ae882dd,1
9dcd4cc6f7b,1
ca48aa5bf85,0
e6473e1b85b,0
92fda5ba45b,0
86d964fc2e6,1
e95c9001272,0
a53041ff360,0
529ee27c937,1
c1f63cc1e7a,0
f7eb5a34975,1
4c1e39f4f65,1
be9a81a776a,0
56f9d13c585,0
b7c35b33e4b,0
7e04c48ecd6,0
f21c378c170,0
093c009a4bf,1
fe1e9033f13,0
776a3c656b3,0
727834f6d8f,0
1592626958a,1
b13c388bfa5,0
9bf23940454,1
9ef3f04bf8b,1
1e8d65f8866,1
2b91e898e37,0
e5c1c157e23,1
c8c956abf67,0
da3e8723c45,1
d2d51893715,1
20e4b515169,1
d396ceaed95,1
4f9ddb2690c,1
4966a43cd6a,1
afe1787ac20,0
f0f1e62308a,1
db7430add4c,0
fed871b8ad4,1
9fd126d12a7,0
c29bbc2ce26,0
4ead9110e8f,1
774c63338d0,1
e05b0583741,0
766075a1dc6,0
1f80de7842d,1
94b94a8707f,0
3624c092c0b,0
b0e769ab7ff,1
bd610584e3a,0
17efe9843a7,0
9bd60c58b3f,0
ba37ccdcf76,0
f79e6cd2052,0
94a95bd70df,1
b987b131d04,0
d3d4858dcac,0
11c729a0b24,0
111ea8c04e3,1
1a95f7fa693,1
8e9206b54e8,0
f61f006bd69,0
215330e605b,0
11c87a546a7,0
283eb053533,1
3fd661441ab,1
d4177d708c4,0
7173d9ec967,0
197cb8d4379,1
f915ae26bb2,1
bfa9f7944fb,1
cdc1c4a955d,1
4f80888a51b,1
8a99ce40231,1
4da71337642,1
beb7161eb71,1
b80cef0a994,0
65b08883a4f,1
c74112db7d0,0
fb86b30ea15,1
ce97364146c,0
6e045d8467f,0
e6c11e731a1,1
f7ea9c2c6da,1
14995872727,0
a8a2f85f1ae,0
1dd36fc5d66,0
1da6743445b,0
ef4f2465750,1
60ae2e0a091,1
e6c3f28b907,0
17db9da215c,0
0738419efb6,0
b475271b063,1
85436f1c9d3,0
d15a76a22d5,0
4e15f007f61,0
c55093f4763,1
c60b0dc791c,0
e76e3f6ef97,0
14285196d96,1
c7411942758,1
d25b338e8a5,0
cd849849660,0
38690db695f,1
2c484db7ba6,0
7825fcf287e,0
80ed03a2d43,1
4e6f5477e20,1
6d361abb730,1
164641617ad,1
9f509f36063,0
f6cd4a2e137,0
50b666d4384,1
55b6cecdf4e,0
f5a8a65d167,0
a6ed5067fcc,1
efa7770db76,1
5648e5a5053,0
fad44fd0fd2,1
ccee74fe70b,0
c9f6d23a91b,0
d2849c07754,1
34e15ad777a,0
a53b8d8abdd,0
e184dda3211,0
e2cee587b20,0
b66f8a3b6c8,1
b642ad7419a,0
f6dff24401f,0
01f722649a0,1
3497685e129,0
ed902e614e9,1
cfb004e8c3e,1
e996804f1ae,1
df7a781867b,0
087939f4a73,1
082ce2353a3,1
1b4cefdaa02,0
fe9ad865627,0
6738a051358,0
59b3bcd94ab,1
080985170bf,0
5d0f9e92b38,0
533ed3e1b90,1
59d8c190e0b,0
71855dc483e,0
50a370563ae,0
ac814183bca,1
7e6f8aca37e,1
0cc4b357d7a,0
2c5676da959,0
d5aae064659,0
1e8ac2a95eb,0
5bb6f6aaae1,0
1a3600497a2,1
0a3348d5b35,0
0eff3456e4a,1
e9bd297beb7,1
c8a05e843ac,0
c4f87ee6cc8,1
e6448a7cedc,1
4fda3ef447b,0
bac71b0eb6d,1
5fe7be3621b,1
944070ec61d,0
20b88203a29,0
7e2e434d9df,0
87e07359039,0
ab8b16d0d2d,0
9be76ca9779,1
487e1c8ff08,1
c80ded002e7,0
aa8d8117ced,1
4dad7361a48,0
ef5dbb9cb7f,1
e7fdbfb4970,0
900a6df0df4,0
647cef873f9,1
54fc2902b5b,1
8792eaf0ca3,0
052e8fb7457,0
3e6bf944707,1
0176a59d0c3,0
9eb21eecfec,1
45582b1de4f,0
70250f222b6,1
ae5fb3d754a,1
fe1d2b8c03a,0
05ad2e52f28,1
574f106fb7c,1
e9c5685cf81,1
50d1d67b392,0
57ad930cf48,1
8e0be80aec2,0
577cc518f85,0
6332a5f928b,0
5c03189ef66,1
3920dd132c5,0
b0d55994a6f,1
cc1051c214f,1
e24c9180e07,1
9cb4c8f7dc0,1
392b15817b5,1
0ec55156d85,0
4211ca43a26,1
845393dce08,0
6d722fb343e,1
8602e6e51cc,1
9ca2029d80a,1
f23e04dc4e5,0
0ba117b5846,1
9deb59f5ee6,0
9cf8269a683,1
65a84bb5c96,0
9b073c02802,0
0b15b0399e1,1
727b2dec742,0
f3538905819,0
be898b273e5,0
fba41f73ae2,0
0cc5aedfdea,1
4a03d0b3ebf,1
f56501f3afd,1
ad3ea8b252c,0
32cbbafc8a0,1
392b5b0ca7d,1
c1f574f27e6,1
f9f90ded10e,1
d0f92567183,0
8a91ff32b60,0
0cbd1a747b4,0
60fe0094553,1
943865cd074,1
5e2751b1bdf,1
a42a54abf7e,0
aed9cc46eb7,0
ea8d2e62e67,0
cba9259f1d3,1
0fb9622ddeb,1
47a019c2276,1
ef8d42d00c2,1
6a646b9d722,1
5d25592f894,1
dba63b03a97,0
d294187a039,0
eb28786b19d,1
6bf1ae061bc,1
86394598ddd,1
b0c0adad63f,1
262bbab157e,0
1ad662c11f9,1
54c28e1b93d,0
906cdcdce82,0
d137a8d7501,1
98532f71b25,1
c4a5cb0e83a,0
7f9438d622c,0
2981ad35505,0
f0feb6a54ee,1
72074ab2232,0
c9ed6206c05,0
47bb744cd3e,1
f616acb9959,0
b09c358b8a7,0
c6193897ca0,1
da4912675c9,1
80973966b4f,1
2dfa1990e32,1
76792d54792,1
38a96608315,1
eb82a57b4dc,0
e4e1e6d228a,1
3d910f7cfd1,0
17740078896,1
8ba1e0fe0d4,0
c343caf0db7,0
7b786046f58,0
44434c8f4f5,0
d36550a0982,0
f195f7d0574,1
3154394f54e,1
25498ed2700,0
f06386187a7,0
06f77efffc7,1
e1cb934cdc2,1
300d0100db2,0
0fe41f9160a,1
ea8fdc217c8,1
3a05115f693,0
18ac9708ca7,1
b74eac1fe1f,1
af2d05dbb41,1
408a636632b,1
ac55107bb72,1
5a6f5cb040a,0
635d94ae33f,1
d52ac019fd7,0
0aa100b2484,1
636cada42fd,1
58645380f48,1
6c18abb9863,1
b3ab1d873f6,1
774f6d6a401,0
2fb5c6050d0,0
d2799e24f79,0
9dfab091642,1
9cab0002394,0
eaa821cabea,0
85212905d3c,0
86cb09e0066,0
d9243f55791,1
80d8feb96fb,0
72d1a926d74,0
efba5573853,1
d14c8f23a93,0
a6ff709d6fd,1
e5f18bcf721,0
1eebc7f090e,1
5df3fa1bb26,0
8c1f6710d18,0
9265d4c49b5,1
98b509fb64a,0
c4507b5660b,1
f3166b1b043,0
a34fa7dad89,0
1a9eb51c3dc,0
3af5b227448,1
3077f71634f,1
31ad9d5a0f5,0
2c7b99225e2,0
c98933d439a,1
9f2390a3e6c,1
5a58ff8622c,1
51c8964b0d9,1
badbd0bf6a2,1
f8a9b22b874,1
b29cd1a60f5,0
d3fcfdcd57e,1
3270c3b99e0,1
84e9003a3e6,0
3c97d7cb501,1
521dc53f582,1
04cd797d51f,1
ac11c09d512,1
1dbbf1e4b37,1
fd781f517d4,0
61f319fe48d,0
b48511a5b36,0
064418d2906,0
fe6cb8e75d5,1
80cdfc9ec29,0
2ba55e0e967,1
9922e4e50b1,0
7d016810be4,1
687a02f9a8a,0
699e798e3a1,0
dd287d635b0,0
7daa15e2d60,1
563b7ee81e9,1
1d1a0e865e1,1
94645d7da04,1
87979e80372,0
36cae0c645d,1
1bf37095061,1
ba1b5690bdf,0
f133001e26b,0
8927f022434,1
52cb30f36d3,0
00a7c837e19,0
0f6427c59d5,1
9764ec47343,1
147e9b83a45,0
81f7c9000ab,1
672593805e8,1
acac9ccf23a,0
736650f860f,0
11e4e841101,1
4b8e082db6d,1
dfc3fabdca6,0
a1f554815ef,0
9819693c3cb,0
fb4e219f151,0
635ea71f56f,1
fdb999d0767,1
ae5bb603f5d,0
444dee08849,1
5d503644179,1
730209a9956,1
f312d2a31a3,1
5f28d7d0edc,1
c53aac8dc44,1
d9751fecfbf,1
5fee9b81172,0
0202d5fc375,0
38f4d1c4345,0
93b2567b25d,1
b2dcae605bc,1
0bb94c65141,0
5076da38709,0
1c63079a830,1
04253c63502,1
b92554d71ed,0
650fef68033,0
2728100e238,1
3da13a6d03c,0
ac7e14cf4ff,1
e7206a2578d,0
f9d47074ccf,1
6b2cdd74540,1
561f6fcff6d,0
98703042204,0
4fe224dde45,0
dae43284308,0
6fdd1439bd3,0
faf04fb7271,1
12e05f48438,0
9a16e6d1cd4,1
8d8fec5b200,0
c83d45040a0,1
15770b5ef85,1
66efa7b162f,0
3f1bee6d6a1,0
7dc60fd3508,0
ff3e5e9edcb,0
41c1a309f1f,1
285a1264575,1
311cfb54591,1
5ebb7265cc1,0
db1eec03e07,1
76d5212f9a0,1
c57e771cc5a,0
17d3351c089,0
767f023d065,0
e3b0c6b36af,0
d52c3ed81f0,1
ec40bb643a7,0
983f175a597,0
fc54ccec626,1
309e7bd07f3,0
b69ad8502a4,1
9fb186666c9,1
4408a5f9bcf,1
7ab021675cd,1
5243020abac,1
63ddb0f6d4e,1
c35bb3a265d,1
7e3ce278724,1
6d2254666dd,1
06ca067188f,0
ced0c0c74ba,1
939af1b99be,1
1fec2c9255d,0
042ddb5edaf,1
fe7c20dc156,0
6ebc572d2fc,0
86233dae9f6,1
98b8c78e370,1
21c0570f732,0
4c722551e29,1
3f014fe46cd,1
b54fa716a7f,0
fd2c9aa0978,1
8a9aefb28aa,1
73d5857d56f,0
710a85fbe12,0
bcc412ad4c6,1
b2d5e8e6884,0
48e0b278b3b,1
a6e2a55a67d,1
9dd09d812c1,1
b81f73f8817,1
e1041fd6e8f,0
374a6033271,0
cd223351436,1
49dd8b3a0d3,0
93fc91c1570,1
13295c049f5,1
a029491e4ad,0
89ecfce1349,1
f5d308ffad4,1
4fdf860fed1,1
f962f47f54b,0
da273ce3a8b,0
8b1730d03e4,1
1942298823f,1
9c68ccd497e,0
9995cc04dca,0
3d9808de092,0
c2a16a9d4f3,0
1c1c388a01a,1
40838a238bd,0
64c197541dd,0
6c585e617e8,1
0f1060c6ee5,1
bc45bd97f17,0
c0380db3366,0
cc67989e72f,0
2b8d0d91fe5,0
77eaab9d806,0
5e84128ae99,1
468b18f52ad,0
5615e89d57d,0
cd921ae205e,0
9e922857717,1
d8f413da20a,0
a4f5e93d74c,1
122d31616d2,1
e3cd58cfbbe,0
e19600327c3,0
164871eeaec,1
bae67220e70,0
9014b8da2e9,1
c462468534a,1
689291d975a,0
38061a96ae3,0
6a9ec0f05be,0
eebf3d53f49,1
1f0b023d5cd,1
02b55168d18,1
7b19cf1efa9,0
322ce3fb072,1
400be7abd9b,1
4e5c05920f4,0
b29ede427b7,0
0e7acb64411,0
072504357a1,0
76b3c62c413,0
be4922f24c6,0
0e68274c2eb,1
fa5f8790d8b,0
0c7bb6ac1e9,0
6139db07b0e,1
9de13bde88d,0
c6884cfd2ce,0
233a4baa598,0
5d68dfebbac,0
553195082b8,0
3ed84fc1118,1
631c332fd74,1
83fe8490301,0
1bf3ab4ecfe,0
dd2381ddc3e,1
7a0c3c1618a,1
e6791f21251,1
a8e1b885fa7,1
c7934c75c0a,0
6568ba929af,1
d3268ab5ad1,0
48f55ab86f8,0
99329989b41,0
ba244bd6634,1
8d4b009b71f,1
ab13060fe63,1
aa37a9e9511,1
46980951148,1
9088b49bdb2,0
d9409456eda,0
81ef716c7c1,1
c983c542069,0
7408404222e,1
7a0e274d4d1,1
607c3678cdf,1
dd3bb810afe,0
965f0adedaf,0
0e5ff538991,0
6f8898f8a18,1
975a633a243,1
18411b4d3a9,0
e3dc11d1a0f,1
ebc7b9b1deb,0
12147eafa7f,1
ec5e3df4dc8,1
014063754f0,0
ac53892e14f,0
79c9ec76782,0
abd4bbe3a37,1
5807e9123dc,0
3a1a417fd3c,0
b6c238b000a,1
ce88491237e,1
574b1b3269e,0
6b4c8b58c9a,1
fc16d60661d,0
1325d0c0869,0
2d37facf1d7,1
13326090ff1,0
9af158b673a,0
84b9e79830e,1
3b67e0a8934,1
e350d829e67,0
6e912c2a09a,1
edc2fe70549,1
971ff5a1bcb,1
dbd05e62eb8,1
af9ac24fa68,0
c99a97c0081,1
9e34d465c33,0
2a143f405fa,0
ec45936fca5,1
628123544ad,1
9dc67b6de5b,1
2d74feca5e8,0
654bb7b8414,1
c44451dfefd,1
af85b8b64ad,1
b8992c930e4,0
df2c9ffa0cc,1
f2b889c1239,1
a31f600d099,1
4b211ebed52,0
a74266c861b,0
e9d86a47a09,0
b4d1d981d15,0
01fde2150f8,0
0b82c91f37a,0
e6bc1a5df4f,1
1e0d5a35af7,0
c5ac478247d,1
48b24ff90bb,0
c20932116eb,1
c3fe9ad9afc,0
3b3d2872b50,1
39777b1becf,1
b551cee09f0,1
c9d3a0801a4,1
f8ef84e2560,0
3717763c817,1
59df35c03f5,1
70628c44186,0
1ec5379f89c,0
cdccc797175,1
e70fd7241f9,1
1c4c134502a,1
9bb3677fbc8,0
bf6e3293bbd,1
3d2e0b4a1e3,1
468bf302abb,1
e34c64ece6e,1
3b0af983a34,0
3a8ccee5adc,1
3e4ea62b3cb,0
9df07f48c45,1
911bccaa7b5,1
6bb601b94ac,0
dbee2700cdb,1
1d71422b0ae,1
0dfc2368bd7,1
bb5d6f19f2b,0
e0babc29b60,1
0053f19e926,1
f3f0b030f9e,0
1399a5730d1,1
03bc5179b4b,0
f0a34b0c679,1
f7c70f0c00a,0
7ce61eeb3d6,0
697e8f498ef,0
a057905dbed,0
afa1b4b04a7,1
649650b1d69,1
b1985d438f4,1
a1403773070,1
91d7062c165,0
c32ed74e323,1
7c1c4d8e2a5,0
ff360205946,0
d4eddc0e2d7,0
3eafc64d682,0
e06fbd3d302,0
cc0b614128f,1
ecb350f7950,1
e7e206e2138,0
55e42d82ad1,0
5bd6d61d097,1
0f414a19a6e,1
d9e9dd89c4e,1
ac0c3347d84,1
9020b2f4772,0
55c2b60c66b,0
72c6e275362,0
fd9ebb44a61,0
18a7d8b3e57,1
9d5b66ee3b3,1
d1dee460fc7,1
0fa137d7f15,0
5d573b96491,1
0b3a2282e1e,0
44335494e27,1
49e4007776f,1
56ce580b217,0
35f822224a3,1
b4f825ea75b,1
055b6c8fdd3,1
606ae67c262,0
c7bd45d53d8,0
57d85b0a73b,1
cc572c60141,1
06961e543c6,1
13f6ad06c70,1
6ce42dc1b08,1
226888e90a9,0
bff94a423ef,0
a8e0f41cc45,0
9edf4ba097a,0
72038c2db2b,0
ebe20d642c2,0
fc9fbf18ce2,0
ddfbb1979f5,1
916e3c05e7f,1
1af396c5a5a,1
1fe384671fb,1
49e8ef02497,0
3f341ca9d8c,0
e2ee6a41b26,1
94b3dbf5551,1
7d91189cc64,0
75140042b58,0
895b4114fb5,0
eb3d8254468,0
5d0fc184902,0
202b9bd7329,0
f780ce0baf5,1
153be1cd19c,1
44b906b045b,1
5516c077649,0
deb98e35160,1
b5c1bc4dfcd,0
6dee01db79b,0
a4453532afa,1
45c938ff2ca,1
2a376e79df3,1
290c465f131,0
8b7e876dad9,1
90c80446a04,0
b131a74e849,0
ac2e5b9d0c3,0
9ace3eae6df,0
fec4e109fdb,1
d240c86a3d7,0
f1e0e4f2a0f,0
0eee06cddf5,1
51523bf91c6,1
c494a2a4439,0
0eac428eab7,0
9311e358f86,1
7f8a31f43d3,1
099b1ed4b87,1
14c0cc3e55b,1
dd9d8edb475,1
96e1c53cd85,1
956c4ed2ed1,0
0a293b6972f,0
3b8181887b1,1
b29b14e57b2,0
529fa08e7f0,1
32f68530d08,1
c5162547346,0
6f6cfb7527d,1
3f71bb2cf70,0
713bf676310,0
da7c37df7c3,1
acb6544ae05,0
006a2eb9071,1
634809c7707,0
45fcf4915e9,0
9e44041bff1,1
d79f547ea4e,1
a35f8b7eb80,0
8e22b866f4c,0
f7b2e5cb79f,1
bd98abcb8ea,0
da72f12b84c,0
ccc8e252cad,1
24f810b11b4,0
ffc1dc130d6,0
f34272946f0,0
25ff22e3d39,1
8ae1bf60d50,0
4b601d7e1ad,0
8028ccf35ce,0
4ad8b40e6c2,1
81dfcbd4a8a,0
6e83228d886,1
6c3fd4ab9e5,1
50c81a9f63c,1
d720aad0c4a,0
fbe3b318c28,0
eec3e746dc5,1
a16d0775a72,0
3c5fea16d50,0
c6d136d4db3,0
8b95f89b058,1
8a30a9b1f30,1
4471dc2032a,1
e92a64db289,1
dfa8f4fcc26,0
1c82e70f7fc,0
f1ef484765a,1
56c2417a5be,1
fd6deddc81a,0
51fc7fdb004,0
444df5eb2d3,0
ffade202a55,0
f41333cb24a,1
0eee199adad,1
add1499fb49,0
858075b44ab,1
7e58a505fd5,1
fac1269eaf9,0
7bb05d1f30b,1
1745a94897d,0
b7ebe3efd68,1
5b1ee806d2e,0
4386471dffe,0
60f427b826b,1
0c13ed4dd95,1
198c368e770,1
8691b177963,0
61b466f78d8,0
15b194257b3,0
eab5dc0f8f7,0
7944fdba359,0
42856704058,1
6f3fd7b0af7,0
a0688da5382,0
34e909af2b5,0
fd6b61b343b,0
ab91e40280f,0
65e2f04d8e3,0
45544d169b7,0
b20fb13f4e3,1
4338738f429,1
40f29138d50,0
aa4b809cd14,0
48c75e27661,0
b14aa11344c,1
4e27ff4a448,1
1ded0c15869,1
512f3741c88,0
87fd69ab801,0
5faf30f8e3f,0
a6e6a4d9c21,0
fdad58c3e14,1
de09526784a,0
038c669546a,1
354e0fa9d5f,1
b1de3237b40,1
db27cc3a058,0
71c948595c5,1
528a0053d0f,1
45d7591c02a,1
0ad6111727c,1
2626909a537,1
7efe0757600,1
59b6ba1bc3a,1
d885f69e97c,0
5639a513eaa,1
01e91eb1484,0
c31d20ef097,1
7d26861c2f6,0
5df4807cb58,0
abde8bddf4b,0
46824e94a73,0
5202b9fdeb6,0
900ebe802fe,0
6ef610e2aaf,1
195de4e1d26,0
799f728fc86,0
520a8065132,1
1dba3523238,0
be8e39e5b30,0
fad8988b47c,0
a7f55e0ced5,1
fdcc896c54d,1
c0aacb04d44,0
ff35a9641ee,1
9ccf631f655,0
a7c39053976,1
dc781346ac9,0
3017473adac,1
4ddbd4c7f3e,0
1e84d656c21,1
9b713497926,1
a6bb9532a98,0
3c35dbf1ec0,0
b01ea3d6147,1
d64ecaabbbf,0
01f07a9cc17,1
f8d4882ef83,0
465903017e6,1
cc2bdc5b538,0
eca72606501,1
a4f79474d43,0
99a9830b7e7,0
03bc08bd3cc,0
da05424f046,0
848643d063e,1
be4f56184a6,1
d723be5d2f5,0
e489154993a,0
464d02ca5f9,0
12c5432fca4,0
2706f87b020,1
1bbbfb36d3c,0
b4b88474dfe,0
1637ba3585e,1
24f394a5964,1
96a4e64cdfa,0
e564c7ac1be,1
fe3fc46e2df,1
f520e654e30,0
38ccc1b897e,1
b294ed6be4f,1
f32c25897ea,1
365c371aadf,0
7bf39a91566,0
db1eab21f04,1
2471f075ca2,1
ee6b4735fab,0
ce96a7fbb92,1
e0a96a4720c,0
aeecf630859,0
0fb9de8aa9e,1
cd38229ff2f,0
3ad34abea39,0
e7522ae859f,0
279f97cf64e,1
0f6bf008686,0
8f0f61a3c0b,0
599f5feb6e3,0
4485eef2eda,0
728defb4362,0
947f8b402ed,1
2317c735c96,0
cc1d442344e,1
755d9cfbc24,0
5cb0292c7c9,0
1c6945011a1,0
987750bb979,0
15d59176695,0
79cc7b91504,1
9e7667e2019,0
fd4d143d708,1
00b373752fd,1
34869ed15b7,1
dab59acef5b,1
c7ca2b61906,0
74a5569d9cb,1
f2a552404a2,1
6a605062048,1
5b7b471b42b,0
9e496064354,1
ecf842ccf52,0
fa1580f4426,1
cc942f26f92,1
ecf58d3a99f,1
0f6d2c7ea65,1
bc6a70a0bb6,1
4babc30ea80,1
a4c91cc4bf0,1
7607c5bf517,1
c315785e753,0
a7886291baa,1
08752791888,1
301d73df19a,1
bbab7723307,1
821b4005f34,1
4a779db11b8,0
8d9b2865acf,0
b21906a9543,1
241b810c52f,0
ace2e43e11b,0
1feef993000,1
a849cfb94a1,1
d29b5d7d253,0
ba56c16b1b7,0
75f8ee71c7a,1
5bcf7bc687c,0
8e30f0a6899,1
eefbf56d120,0
3cf1801da5e,0
d4ca58f18d0,0
b2dececdd73,0
a75a6360073,0
25ae64f33fc,0
d11726e1a86,1
9de025e070a,0
c6017b920bf,1
570eaa5d0b6,1
ac04ca6653b,1
809b7c15dd1,0
cdd37b88522,0
03ca2afd150,1
460e462971b,1
2505aca89e1,1
a5120aaaeb2,1
4e2a73deb2c,1
82647438350,1
d67ddaa538d,1
d242ee96869,1
16db3fffb88,0
b7242a8a4e6,1
3fb379a8b4d,0
26a21610395,0
cf4de63cf6c,1
b2ce7ff06e6,1
cc4049ea718,0
67dd9d77356,0
ed3251c3e9f,1
8066c99db18,0
424effbdc43,0
fff65fb73d9,0
bf671648209,0
b6cfb39fa23,1
9f1dcc4a40d,1
7d702f0df86,1
1c9360696c4,1
34005725774,0
c437e4beea1,0
d9d5848b0f7,0
b1d4b9348f4,0
c5b270274ea,1
d43a6944df6,0
43f8e7b3a8d,1
c35679b6ac4,1
04f65927577,0
029fb77cad1,1
e0bc8230c91,1
b717c0531b8,1
29a5570615c,0
1ee212ed5b6,1
b2542d0dfe4,0
d4411de2482,1
039ad10a028,1
7ea84d3dbc5,0
3d6576e30c8,1
fa4076ff0b8,1
39ce39c7b50,0
379a8aca4ed,1
375de611bce,1
13923e6495a,0
034c07f90db,0
0a8e87506ad,0
eef9a1dfc4c,0
51d1e7ef68b,1
6d616943fea,0
ef0ad786ff3,0
2e74a3e38f9,1
7a7dc7e1a3c,1
18f2645e395,1
632210aa612,1
44979f63228,0
f25a35b05a9,1
5571908c71f,1
c4a4471f597,0
935fa3870af,1
2a279220c10,1
7cb1d6cee23,1
e6d8d265dc6,0
6dc4cb17890,0
74920da23fc,1
4782d230572,1
469d1b1d39e,0
ea1330a0da6,0
27371e1079a,1
f7e2613c858,1
f187c85de23,0
5ac305bf5fe,0
cb338a9641e,1
984db6e0242,0
1d5104974e8,0
c80b079f732,1
41dc30ca70a,0
f5de9057dfa,1
16d0d6171b9,1
35cccc63e4c,1
d79bd5632cd,1
65fef52e812,1
cdaf71efe42,1
de689d634c6,1
a6844e815d0,0
05c815395a9,1
1ab31109afa,1
ddf5919d31e,0
e9613828f94,0
5fd00f0f974,1
bd34aa9a93e,1
2e27e1a2377,1
0889628e26e,0
bd8e59f9e37,1
d144458ea4f,1
11ba6898dcc,0
aebc89b20fd,1
7cbb5f78d87,0
58bbff0c806,0
d843a1ce4c7,0
182beb6b5b7,1
ae6ec04775e,0
7b3f776de02,1
702decb6fa1,1
b9fde08562e,0
61e83c8df8d,1
c0a37aa8e0b,1
0e4c531aa2e,1
a382ba38276,1
a09f88b9e71,0
e0123bb8926,0
8362b89a45f,0
65b8e471dd8,0
893cdbffaa7,0
50104bb9a5a,1
4e8228ef5f7,0
632cb488ea4,0
476b74982a2,1
93503d24a28,1
99644eed06f,1
75fa37354b5,0
463367cdc6d,0
12ad8cf111e,1
96cd3289ae6,1
d09b8cd14fd,1
4a8a5e61b36,1
7d34a6acbe1,1
4346bbc1176,1
40f1c75f1b7,1
83e567653e8,0
cf6e7419523,1
7ce1b97040b,0
c8d30736712,0
76e2b4e1059,1
e3155185717,1
04792ae678b,1
689d57ac1f5,0
6b97897742c,0
c571a89f482,1
cbf0970bc20,0
5bd79798e2c,0
80f0e67f63e,1
a8f394adc3d,0
f7912bfba74,0
236ba5a6139,1
d0cedbda400,1
fb9037d578b,0
74575c560e6,1
732684fefe4,1
b3a13124713,1
9baed1e20c3,0
9252cadda4e,0
d87d6d111ba,1
06485f48718,0
d1b9b8fec54,1
3501cb5f91a,0
b3b3910dde0,1
594513ca3cb,1
58fdff2b2ce,0
f683ddf5cdf,0
aff521de978,0
ef3ba8090e0,0
c5d1dc7af37,1
c203c59c26a,1
070bd1079f2,0
a891858813d,1
be9f444c702,1
74c728e9b35,0
b710281512d,1
7d7c763c471,0
33ad523cf58,1
dcc3d17eb6a,1
7ba2a55775c,1
6b4b40857fd,0
d9a5ddb365c,1
5b726c70200,0
b84d874c712,1
30d1dcc53fd,0
06a87b86d38,0
36c82b0fd1d,1
c3036ef3544,0
8b421a97883,0
d4427e81b7a,1
a7e72c29af9,1
44ba41c706f,1
a1f2457a890,0
529d06eeea2,1
a162840771c,0
9b7c3cb1351,0
7e355c4cf14,1
6d6f66b080f,1
e972e76746c,1
42998bb8b09,0
67a4462a924,0
42ce852d047,0
8833f8a112c,0
9fd16f97568,1
b24b99860d1,1
01de277f6e6,0
a43c6816bc2,1
a3fba760f6a,1
f919993eae3,1
610b3eaf6fe,1
79306f42f7e,1
adfb4335f7c,0
916c6d90264,1
a69e344905e,0
beacd3e4b61,1
9afc7daeda4,1
858776ce424,1
90643f1e57f,0
45548e54379,1
806717f5f89,0
2551ba63b8c,1
2884ebf0335,1
96550b26bb5,1
1547e075c33,0
cb7ca176f4c,0
81c8eb6ab8a,1
5b717976e43,1
88ad88cf08b,0
09b73536f16,0
153f2dc5cf4,1
3297ab5ae7c,0
35666671168,1
2f0ae6b1751,1
4652f9cef84,1
66f86ee213c,1
e1f1f8e47c0,1
1d92acd49b4,0
a27b30a5ddb,1
d839844b2e4,1
5be4b5ea71a,0
cd2bdb6c1a8,0
915d03b9c9e,0
b9b26428474,0
51ca220e723,0
78b748266ff,1
f8e5cf84a88,1
3f1cd6dca38,0
cf11b6306d4,1
ae5f1e8b3df,0
11eb42ee2e0,1
396f7ec619e,0
142b71af4ef,1
c14a414acf1,0
da6c7de520d,1
15afbbf0b84,0
f26d0b0c140,1
b8cce1e7e09,1
2888db3d489,0
988316eecaa,1
5fdbf02d1e6,0
51f97365121,0
f2a8cc68a3b,0
e3577b1f27f,0
5071553d2f7,0
cb4b8ef3d7f,1
b3a88872a31,1
a6140aa199a,0
84dc81084a1,1
2f660f1781c,1
7557ca552b0,1
c9ccbc925ba,0
cd261b9e50a,0
fdd203d979e,1
e84b8cb9541,0
1ca2b847243,1
18c8dfcfa92,1
2b9b9772567,1
2ab613c3e3f,1
2a01bda83c3,1
d16884a82b4,1
b15fae85d56,1
2a2ee8015d5,0
44b795ba1be,1
e3806f9cf4b,0
2e868e26ca5,0
72083ccba83,1
eee4a49a18f,0
0e04460093a,1
ed86eb91b14,0
5a2dc9deeaa,0
03d8ccff984,0
a5021360ad6,1
09c458d5068,0
e03302a617d,0
ed064f28cd6,1
d6be32c4ab5,1
aafb62ae05f,0
ded6daee50a,1
93cf0ab644b,1
017e6d3cf45,1
91f24cd299f,0
b2955d5cc62,0
f8d67d9ff16,1
48a19985257,0
40aeea637f6,0
9a855a0b451,1
01ea6c0724e,0
526a90a99e3,1
591b9b0967b,1
18cba3c7e78,1
1823740fd6f,1
2d1d609b71d,0
e50d81e1b41,1
451bc5b7abe,0
77c2ea23447,0
922903905e5,1
8755618f449,0
11b58b8c55e,1
f081ce8ea5a,1
42f17aff9c5,1
254039b9e93,0
69c127d19b5,1
bd2395295c4,1
f42c390675a,1
69996592f53,0
c45afbd8386,1
4aaacd830c3,1
b0afc52b29f,1
dc3a0e54512,1
1c971cc51ea,0
e88e456da06,0
5b128dc7335,1
926fc892aef,0
89ee6b9fa3a,0
4dc729e67d8,0
c7481f9f34a,1
529d736128e,0
b35564ad0e7,1
d41b671e160,1
8cc9bb64b85,1
061497e1fad,1
bbd69ebc1c3,1
22c8730a01b,1
6c3be16a91b,0
66e7b23a5a7,0
924f3510591,1
234a6825f03,0
1850a1ab766,0
80c0a972e10,0
6e96bfcee23,0
db3118f73b2,0
061b6c789f5,1
5746ad97fc3,0
97f979f59ad,1
a3ce68c3bc8,0
d31ccae8d88,1
99342344e23,0
32af4f5e74a,1
7aa4ae25566,0
5827297bbec,0
3b376a8e828,0
242f1ecb058,1
28955bfb4d7,0
653cf49e1b9,0
ed770607b8a,0
7d0a4d8f6cb,0
4a25c005e75,0
1c634a69175,1
9c4370cb66c,1
f33fe3ba0f7,1
3fe325ef056,0
d3783afffc3,0
95cc603b7a0,0
1511cafbb12,0
7385e7132b3,1
58eb4ba7b11,1
1bb529aabcc,0
cbb32051aac,0
ab3c7e734b2,1
598f6100d8c,1
f2a67a5e6ac,0
71c4b693d50,0
e93294d7453,0
5768282d5a8,0
e548707a9d6,1
f21fc71f583,1
34a5b939cba,0
911a778a7ab,1
6a3b7c178a4,0
b5513b3144c,1
0d4fccf81ae,0
ea1eed79436,1
fa58bac5797,0
33b50d76fa2,0
20302f9c821,1
3aaf62b3f25,0
264186371a1,0
3b06e1bdab8,0
eae5921b7a1,1
4b5c6f3d50d,0
0ed55d62fb1,0
8246f70ebaf,1
7e9c3f34208,1
e2b76a49c20,0
de49608ff43,1
c8bc9c3def4,0
9ce129bbe17,0
f20ec22fae2,0
84a448b1280,0
ebf712e7cd7,0
df6a95a7f3a,0
b7f7c7dccda,1
9fbfaebf4d1,1
e4f562888b3,1
00cea40f29d,0
1211f4f79b1,0
a008d1d053b,0
cbc1174c49c,1
f59922d8f29,0
7d89a003d38,0
e74b5a96ed1,1
96ee16d849e,0
49e0f45a12b,0
08c4dd20877,1
8b173a06f99,1
7674ab82e0a,1
4c809e48a53,1
b7ee2600429,1
78c668a974a,0
2a31a1db228,0
4dd8517867e,0
e39424e5d02,0
286e447ac2f,0
95b2e665bdb,0
927155cd0b0,1
070ff214c7c,0
8d19f6149aa,0
bd13f8cfe53,1
a52f807bcf4,1
6af3031d8be,0
8262ebd7c94,1
1b0d996ff41,0
976dec20223,0
6a3686768f1,1
d9586488fcf,0
06f7936f984,0
a1f6257570c,1
8411e40876a,1
3172eaad1ae,0
f863dcb3c40,0
664bfa0d5a9,1
b1ba9eb9293,1
55fcbb6c017,0
ac9c523dc7a,0
ab2f7ede76e,1
5696253b585,1
8028ae74572,0
5092d524815,1
cd4b9131745,1
7ca15ea4ea5,0
40ae465b165,0
7ecb1af8f1b,0
6d9bb91a896,1
bf301d9f681,0
428ccbff8ad,0
0bd1eb7c3f7,1
8cdb9c9fbda,0
5f1cb9d4309,1
78146fba2ce,0
203cb19d4dc,0
0eff467c9ee,1
6afa80f8408,0
085f2b3ca39,1
06f7cf035f4,0
29378020c3a,1
d3eac9a309d,1
16c35845d91,1
a392d918efc,1
0472b31c94b,1
48e28313e83,0
5672866b75d,0
318919eb06c,0
09bc6df121f,0
c91b427629d,0
404151825bb,0
4d867efb51d,0
448938a7f6d,1
ecb678ea541,1
2a35663c505,1
7b92ac1e6db,0
8c0d9d912b4,1
48cd37b7f53,0
c200b7b1ef0,0
dacfb7909a6,1
b4922732c81,0
4ae59e5c98d,1
358452d571c,1
c6b8db17e45,1
78a4542a6aa,0
b71d30cb122,0
483c1ce3748,1
57790fdc3ab,1
a1d03f983e2,1
2baaf822401,1
c6c166ed902,0
6a5a1518c0f,0
1fe1f6720e3,1
5ff47296e4d,1
ff472723573,1
75ec6d9eee3,0
24cc1bbe27e,0
de4af7495f4,1
a5f77296edc,0
d04cb7a92af,1
0991c2c14dc,1
ebe73ff5953,1
5520f8ffc18,0
4666d9177d0,1
e2d2ffed3b5,1
bff4b995573,1
103275f96b7,1
1a9851b1ce1,1
a1c2b794716,0
9fea08e00d0,1
33d6f6761c9,1
3d6e8e75914,0
f08caee686d,0
6c934ffe960,0
ba5dc8731bf,0
c2809f5bca6,1
918ab1cc1c1,0
1f761a3a317,1
e36cad74a14,1
284dc062db5,1
f59954a26d3,0
96dda49cc02,1
f34afbe9b78,1
63e9bd608d2,0
4d6b3107c25,1
18192832078,1
397b7e7c000,0
255c0bc168c,0
c779b131cf1,0
120e94c6675,1
5bdc9827514,1
cf9297339c0,0
40e0fb92a4f,0
51321a44863,1
0c161b538a5,0
44d6ace4475,0
e861bfa9e19,1
c83f3978293,0
55fcdb3c617,0
a3e3002b3f8,1
11f8cbd1da6,0
3ea8dbfde6d,0
8521bdff5a3,0
06094ef4f99,1
74a4346ea0f,1
1ca7cb782ad,1
2aeb337df71,0
0d2ad47c30b,1
ae928d5c1da,0
9e18460fdeb,0
551e42ae6cd,1
43f6192ab25,1
a5bbd0d0621,0
fe579965eee,0
9dd578207db,1
87cdd7a2d95,0
ad3631603df,0
6c2695e038b,0
4efefae7dda,0
df198664642,1
8a3483053fd,1
40cc7b389c5,1
fb01dabe095,1
b96256dd311,0
648a65a9ba6,0
a38beb4c744,0
147dc6534a8,0
131aafe3107,0
0ca9fbd8b93,1
4cd6021a97f,1
78dc040678b,1
1cbf407d3cd,1
e33dba20d98,0
6ddae99fda0,1
d9f588c9f0b,1
3d2f565462a,1
e4caa190e14,0
323b78f7499,1
ae5db8e9a32,1
e0f3937e4f4,1
a4f2caad5f4,1
e18a9791f1b,1
2bf9994d61b,1
b4f1d47e2e3,1
fdab6b2956e,0
85f1012c624,0
58de37fe5b6,0
1e7004d0d89,0
3d6c6161079,0
4ef93b75314,1
9bf6980a202,1
6569902ad92,1
0e139fb9946,0
06799d5dcb7,0
d119ec3f1b9,0
e67d2e7f4a6,1
85a62ddb69e,1
e529af436d5,0
0a34abdec17,1
3a7743a6565,1
6b1e9e88245,1
9450ab2cece,0
8f4dc43ac83,1
94e341c996b,1
0ad2c602378,1
43177d463f8,1
8abb1319931,1
420a865451d,1
4749b528aca,0
6f42969bb76,0
ab6d91d47c6,1
9341894ceb5,1
87578d1a51e,0
b8719c983ac,1
bbb00d7d92a,1
7ecf39b33b0,0
73086afbbfb,1
0c06daf3bc4,1
e2c0c20b30f,0
4e228989a9f,1
2d21935195f,1
fa24a5c11bc,1
4f60efe3ed2,0
eb2dae4baf1,1
601e46c2941,0
a0254ba5cfb,1
2d2fc33f1f8,1
c1e64ee428e,1
31f56b4cd1e,1
b43eddab124,1
a3957da2786,0
9606afafd4c,1
a5fda8e4753,0
b781fa9a0ae,1
7e8a433083a,1
ebbbc8d8831,0
d300661aaf4,0
db19a60be7a,0
84b1599ae73,1
dc23f05e287,0
2fec529f01e,1
496b3a4d3c3,0
4d4215d0e09,0
717fc5ff939,1
c49002258d5,0
d9e2d7adc34,0
5ae3bc65b77,0
ab0ab037e85,0
2aa0ca9ae2d,1
6fce83eec81,1
dc83ea32a7d,1
4a5407cb993,0
d92c1a80705,0
e738ced7608,1
c0a02053984,0
50af211eb5f,0
6c517dafef0,1
ed79e0f1180,0
4bec7e61f3e,0
e14de3297f7,0
dab742d40d1,0
2ab5220b9b9,1
2aef75256f6,1
6fbe55d9e61,1
859e3f95d61,1
41b1752f6b1,1
4a98fa96f17,0
cf1999c9f10,0
66ac4fea33a,0
114d674fdb6,1
5ef4a356c59,0
3841ce71501,0
e843dd947ea,1
2e2a44e88a5,0
bb8e410a978,0
60c52cec3b8,1
83bc76a3ad2,0
560ae6d9ce8,1
a573aeee046,1
a0b4000d329,1
214d640b80d,1
9e531f7ce0d,1
828b144f7c5,0
bc349a6e951,1
7a6a0518f05,1
4bc7fb4d144,0
a787c36898a,1
61bc97549f2,1
95e83d2fe81,0
447fd0f9ec6,1
85f55d9106c,0
f0ced068a03,0
a00e8b1399f,0
1bf3e0a89dc,0
b3f6c725130,1
182d89ac944,1
7257e9ce160,1
e09b9b364be,0
41a43f0e5da,0
6a298642ec1,0
5bdbfe9e2b6,1
b6f58be9e22,1
f6f088313c1,1
a76e4737433,0
7eaa87d8874,0
a0b1053c9e7,0
fabd827daf1,1
0fe2c64baff,0
d6ab6b9b353,1
013df9b8fcd,1
d35a956c6f5,0
9ed2da0684e,1
9cd432e8a3e,1
70d4d132e7b,0
9ec207027b6,0
5f21fe41d7c,0
72c4262135e,0
7daf9427c6f,0
a4654d58e7d,0
ba7fbb12eb3,0
5b1f0554653,0
e1d9aa785e9,0
f2fd2338259,1
83801c73aca,0
5945eea754e,1
85fce94f516,1
67a21ce0440,1
df150ead868,1
c2b1cb07ed2,0
d42e52622c2,0
adc17b8ffb2,1
218fca0d6f6,1
7d417a4f821,0
021b5a5869e,0
aa8213afbb6,0
5d129296145,0
18fcfb0ed0a,1
29f4ffa3378,1
1ad9e58185a,1
f9e827ae1a9,1
d35d370119e,0
0f09aa5ce4a,1
9644601fe53,1
98138454ea8,1
2031464e4b8,0
18829248890,1
fb7f3984d68,0
0cfc14d8574,0
12c9c4dcbcb,0
faf428c1512,1
0627ff91f19,0
d2cb068cff1,0
726fd2c92fd,1
20c2266c518,1
c592a49f381,1
13490d8f71d,1
55d6a1bf13f,1
4a589757463,0
94b4714d00c,0
2f0380ca411,1
1208829e31e,1
6e01ab4cc5e,0
6c076558fd6,1
80591c91eb6,0
d47d8ad88b0,0
bfb05eb74be,0
32a1355d1bd,1
00afe9849ba,0
bcd1171e5e8,1
c02ba277e36,1
926e8c20657,1
fc9114747ae,1
e8718a93f6a,0
b055e12c831,1
1d24ceb446d,1
8ab272d39ea,0
68f8aada68e,1
a6365c5f0f8,0
f76dbf5c758,1
03ac7f714c6,1
e2a4d95a154,0
fab0c87c973,1
95883a0a8ab,0
634c49ce2ab,1
9b4cfdf7d41,1
c7a874b3544,0
7dc621107bd,1
8d2fdb9d5f2,1
cbf739759d6,1
330fe5e56a2,1
b7ced0fd970,1
6ddb61ba8f5,1
acd16c87ce9,0
ab56c00d103,1
8c08ae290f3,1
36e769c7f18,0
73138c1fda4,0
6cb0feb1931,0
4d1eee1b327,0
b99b9f4411d,1
40ef883c680,0
142f25c16ec,0
0d6246a66f4,0
ff8ae872f4d,0
4cb5e195335,0
e1f9db97fe5,0
a5738ca948b,0
50e80d44393,0
ee31a3ab375,0
c40f68d51f8,0
5992217c130,1
cdce1dd6406,1
64f2a5573e6,1
dedf52efca0,1
13f9d425aca,0
faaf2bfa456,0
ac697ddeae9,0
2b07a01bbcf,0
3b186fe4363,0
7f7489efe77,0
fd83aebc375,0
5062861bd0f,1
b0fe8491b4b,1
6e1d454aa1a,1
94c0e87f8f2,0
ea95066d106,0
0992ab59f83,1
1232b9e1039,0
6ce6fa6ee2b,1
23cc77dd265,0
3361dec0427,0
7f436975eb8,0
2430dac3156,1
63142857bb4,0
dd3e7667f7c,1
ef1f2a2f581,0
29b643e19c4,1
14e89fbfff7,0
5d75b9bc263,0
10096a9c89e,0
55b16fa7733,1
2c7b721157d,1
f86d637886f,0
df5738265e3,0
e0d44209725,0
1596c28e5ae,1
aff3d9d01ff,0
e9680f238d4,1
ef976047c57,0
49f03bd09c7,0
b49b66e9955,1
34a9afb5c8a,0
f140ce87fa1,1
e71406c9b96,1
d607ae64b2f,1
9ef3cb2c520,1
86af0e8edf9,0
e0991896d5d,1
d223b226cad,0
615d220525b,1
d6975e7cdfc,0
7ef05b6bd5d,0
974c52a3bbc,0
96543f1733a,1
8b90e685606,1
c482041cdeb,1
248b133d3cc,1
855d21ab984,0
3c0c222cfec,0
3e4fcd9ffda,1
e226d7a343f,1
b38a8a7309c,1
81fe43a2281,0
81e65cfd556,0
188a75f15fb,1
9a22805d303,0
7a27cff1029,0
248f75c237b,0
21fd04e7431,0
044d613f708,1
f95bc8df868,0
a514268c9fd,0
51dd5e21a0d,1
f03ab172b93,1
ef39c30c706,0
cc385b2b2a5,1
6b0b7d813b3,1
8a02e20e05b,1
7bb54fe158c,1
d3a616d9397,1
15f886efe22,0
5d7df7fb272,0
23cbc8bf893,1
494d0105418,0
8503ade36c4,1
daaca8bfad6,1
b9037843dc9,0
9746c605ee9,0
2a5529d2999,0
7c64d0ab962,0
3dc25c8ade4,0
b69e99d6258,0
5d02e2f261e,1
03d7ab715fa,1
9ffd2ba45d9,1
dd28f544002,1
80cb94c0261,1
729705777fc,1
6320d569d5e,1
bebedb0b5f3,0
4386db0a36e,0
756efc59220,1
608497d22fc,0
5f931ee2477,0
8025fd4ad2c,1
6e84460ff92,1
0af7725f467,1
a2da32e1ec3,1
979aadbc0a2,0
61e3da87aae,1
7fb09a406df,0
ded6d466056,0
4a48e2b115a,0
ae46628299c,1
3ad24cb4b8a,0
6c09cc2eace,1
d2c64fa01ca,0
5d0acef9dd4,1
1bdfee71852,1
9a18808e398,1
9844d94820c,1
57e9e007a53,1
d6e13d7b5cf,1
51150dd8f7c,1
71621ffeaa6,0
fa9a54845c9,0
5e8026a0956,0
a7a1c530ea9,0
ebeec329cce,1
d47dd5e2000,0
6470dfdb12d,0
e9a34efe621,1
9bb3b0dea62,1
c758724d737,1
61bcb3bd699,0
849ded14bec,0
03be3cefee2,0
aad837ec20f,1
cbf6f4bf5b7,0
4aa080f71e7,0
748b8c2b982,1
3d03da65487,1
f558d929a5b,0
844e16c92dd,1
3a84c55edc2,0
3aa9f9d875c,1
330f4d6c2c1,0
02af4b8d092,1
81b36a1d4a2,0
db3f50bb00c,0
3e71a4d1473,0
125531a4033,0
0072d694316,0
e0c63005962,1
03f8d80a605,0
2fcbff7b512,0
9c56a50f293,1
31a5af313c9,0
e34e7884388,0
4c774c74a99,0
660f2c68e30,1
ba5293c3caa,1
40b60e844c6,0
c4600c41f35,1
518ad74ca87,1
ab31465b063,0
f7caab446da,0
f1273947a70,0
a551238fec1,1
20d5ad19cf0,0
01624020544,1
36171104dd5,1
0de3d21e6e4,0
67f0dd57f80,0
ab7d5b8b2c7,1
f5e5f049894,0
4b07714a925,0
584e7e4fc56,0
7b0525586dc,1
e4c8f8b14b2,0
67c89bcb4a1,0
497ee996d77,1
87d643519ed,1
e7bb5340d9e,1
229f35fe833,1
a9944d9062b,0
50da667af74,0
d6543de39b3,1
b2fa537e06b,0
71c70d1f870,0
5da644a28c6,1
313614123d3,1
3f4e55a9731,0
014a60440be,0
070a6b9ad8d,0
035eda2fc84,0
95c8a9cac01,0
e9d3bd5709f,1
efca579b56f,1
d1be34b34de,1
c86f3c0be6c,1
6cf65801b9e,0
43caa6c5a72,1
92c7acd908d,1
f1f17637b58,0
f8e59f07c33,1
2674b1a88ad,0
8340af76cc6,0
151a4d2326d,1
4246339a7f7,1
c877d294722,0
508810a56b4,1
a2695213b6a,1
ebc22a70d62,1
aeb8d0191b6,0
50354108e72,0
ccf2daf6838,0
68ad8aa2828,0
afc1aa81be3,0
5a3b013a626,0
4a8f667ffa6,1
0fd0d0fa831,1
c620abe22ea,0
daae81cd696,0
44707e7a96e,1
ea84beb11e5,1
c6a5aa42297,0
55cb3e36cf4,1
ccbddcaeee8,0
ea643d86363,1
c1ba4398b25,0
10b76c6a372,1
580a10efe2b,1
1460d5fd765,1
6368ad9e929,0
e7b166baf7a,0
faa7aec6705,1
5c93e6ad8ab,1
7cd36d4eb03,0
05cebe50da8,0
e321891834c,0
731679ca289,1
aea208eb8f4,1
df1e617fdb7,1
064edd0166e,0
ebe1b43624a,1
00ac85c8ce9,1
9fb5eac3d9e,0
82e51c95ae5,1
e30918f595e,0
7b856c1d3bd,0
e61d56ea2cb,0
01fa8b4c85e,1
7384abde11d,1
7af3e448e4a,1
af4f4319917,0
ea9c424056a,0
072e838bc35,0
d0681d9afd3,0
6635eb927d2,0
555a472038e,0
16ea6ff83e1,0
86eb90aca90,0
4ab46eccb32,0
3c493d0707d,0
f9959b4c4bd,1
45f0ef9cf93,0
bb09633e3a9,1
e425a06c057,0
cf7d3d1110d,1
e1d83ded077,0
ba5a45ba1fe,0
e52fb4cfd2e,0
a0791acd780,0
9a399016c7a,1
8a50d686909,1
beb6cb4f6fb,1
66459bd72c0,1
1afc05f5509,0
731f6669163,0
dfd87b9da0e,0
bb0283d06ed,1
b62ea897b2d,1
c913441abd9,1
b8a7c24a869,1
07f77b3ede1,0
58c9cffe722,1
acbd3df4bdd,0
0ba960f890d,0
9c5cccdf8eb,1
8acad480aa8,0
b9cf5aa609f,0
1f76a01eadb,1
172c397b361,0
ac181c493ac,0
f2d68f0ce6f,0
5fa1f6be3b9,1
87c9d3a00cd,0
9f4f63f6902,1
274d25b21e2,0
a7d015f0a1b,1
568f94c11b4,0
57e2755ddd5,0
1167e3fdbba,0
d06b181125b,1
932e1582fe3,1
f4b14028b08,1
296d12391b8,1
801709e271e,0
48d94a2840b,0
95fd3d68fe2,1
de5f2bc43d3,1
d2a3beb9618,1
43ca20b8153,0
803de5d203e,1
de3f7e831d2,1
e27ee229d6e,0
112e249817e,0
c73c76f0a10,1
c03a0d05606,0
6765a31328f,0
61e40359e7a,0
db6d8e637b5,1
a5200c21fb6,1
ae04447ad79,1
c3460619de7,0
2aa3b2181e9,1
bb6e37c6880,1
a0c345f79e7,0
02cddb93a59,1
3b1ab9ffca0,0
6f456f535d2,1
ba6d0aaa830,1
08c21a6bce7,1
3ef8ede2dde,1
f7ad7942511,1
15d89715e8d,0
0ff9259bf99,0
4dbf30e538e,0
00c7e032722,0
c52589eac9c,0
ac300b55d14,0
7694bc101e6,1
a76b214c414,1
a2e9d0daceb,1
d3d92126847,0
e8a9fba911c,0
f07092d925d,1
fea7f88a2c1,1
dc00ddacaba,0
a6a98279f95,1
bc6684a481f,1
3ad9dfaaca8,0
0250ce4619c,0
ebfd4167ae2,1
db2a774eb6a,0
b0645ad8944,0
b46c30231bc,0
05f18db981e,1
8ad7a230db4,1
fadf7af5959,1
52193a505d5,0
61d097c5a5d,1
d7636c868ca,0
68493e86577,1
bc6a6ab441a,1
46ece6d780f,0
eb38cd291a1,0
ba58cf38290,0
badeece9887,1
1738e934616,0
01898e63717,0
e65804bfefe,1
ea7cf2461af,0
7b8ebe76d1e,1
1254cac99a8,0
8aca481c370,1
9ed4228760f,0
35e63e7b88b,1
ac6a677e937,1
82f2bafa7a3,0
bb57ee56880,0
fe96333ff6d,0
ee8067f7b4a,1
a0d74c01a72,0
163ab3d7653,1
81d09204db6,1
9af0c30c9a3,1
31e8cdb0240,1
c682dde92d2,1
590fe8f7671,0
9e00b162fd4,0
4c46e12cd51,0
1f795ba6aa5,0
852cc02fcad,0
42cbf37dbcf,1
31f70078901,1
15168711e9b,0
3b3f283b6e7,0
3d81f14c7b7,0
044073132a5,1
2e6df8dc562,1
607b172b366,1
d8ae0be3a94,0
4cfbd3e65b2,0
65ba3dcfeea,1
1254f6d99a7,1
6ecfa60a57a,1
97fa7e5f3d3,1
786dc0a5723,0
5eb539e8ad3,0
3fe116aa2c3,1
bebbfb82e28,1
402e619e0ac,0
0b7295cf49c,1
6db2077499d,0
96ceede90f4,1
b54b2c47f63,0
97bc4fb8da9,0
fb89697633b,1
1d89ac0760f,1
3257e08ce39,0
680441f8cbe,0
b4c5c931837,0
47ed3c92758,1
f5fb319ee8c,0
265e9bebcd8,0
3d702aed5e2,1
3296d72470c,0
e0df070a876,1
9412d8ca489,0
856806d961c,1
7e4ccfd3f52,1
8c09433056e,0
209a812bad8,1
154e0396531,1
08edc8ff410,0
5e1f6e3c284,0
530edb06720,0
49f6783ead4,0
8689da43e07,1
d3d985de6e6,1
1ae7f6fe1f4,0
53d4d1b3780,0
4329a553fdf,0
85cb3e43063,0
86f63047612,0
52e16c519b7,0
b3f491dc27c,0
0de50b08cf9,1
ade51372b82,0
c151c1451a0,0
782906bee3f,0
2c9c2e73021,1
07a84226ee9,1
cfaf90b132d,0
d81f07b7695,1
8b9b096ffc4,0
8b2b0b7f461,0
bf4b703a9e4,1
3086a154f7a,0
54aaa67aeb7,0
777fd58e6e5,0
8aa41f528c7,0
d4881cf1e81,1
4cd471a932b,1
630e26bc47f,1
3aa74fed296,0
663ac531e21,1
3cbc463e29d,1
8271e5a9498,1
2aa9ca8c4e1,0
8e3c50d25bd,0
a48810ce09f,0
20b7c53a7ae,1
990f54d20d0,0
e6c29e8cfd7,0
6ae45ef8f24,0
4e2d8e4650e,0
19d86a73466,0
d82a419c394,0
fea3b21c7c2,1
bdb0c60020d,1
e6ea4bf9f54,0
f519fb8f9b6,1
3290f7d89c0,1
e885f4c8188,1
7da82906285,0
7b29730dfa8,0
297b1d08f53,0
7d2e5016725,0
874330001b7,1
3e39b16438d,0
8b86144ad6f,1
5b93548483c,0
ae992bf6a12,0
0eb0c8ffeaf,0
bb57d6045fb,0
373eeb37034,1
a4ba440f2b8,1
3c304115218,0
b490ac17bc1,0
233bb9e0c45,0
6d8e88068b3,0
876fc4ed9cc,1
57fb8eb17ed,1
69028f7132d,1
2d58bc5b43d,0
d23580b2de6,0
2d3d3208b19,1
2cbf9aedeea,0
8b9fba7a2ad,1
5e6a0e38249,1
ac5edabe142,0
ee0f3074d4b,0
8dd6d0d130e,1
0a3a84c5978,1
ee2c530d9b1,1
ac413d45d3b,1
b01d45cb5d6,0
17dfe37698c,0
9624316de38,0
a21bbcf0931,1
cc244a86cbb,0
164d9767912,0
cdb8f8243f9,1
6a52e8475be,0
64e3b2d45ea,0
e3c13600ef4,0
32f8ca23142,0
37f5b3a0aeb,1
4180ec690a2,1
5507f2d70f0,0
1e9f241cfd0,1
3bde1e6e95f,1
5cff7d1bd53,1
5bed35934de,0
bf5b2b96e01,1
f5a0a4358d2,0
797c2ae4166,1
8512d70b9a4,1
4b074eae69a,1
f0674d0a884,1
0eb8d00fc79,1
a0a4d193b19,1
0a2890a43b4,0
052febd5589,0
9a815b98f27,1
e623d57bff8,0
b295835321f,0
f4baa496cad,0
5cc780e3f8e,1
b05861f1b40,0
321a3f42ac0,1
74bbabe6d99,0
bd959c99e7d,0
b94e551fb92,1
7941e8a72e6,1
9d99beec21b,1
4e4a6372381,0
e564693b228,1
3558843319c,0
69156478662,1
0323301a567,0
8231f869b8f,0
aaa69d3f07d,1
8059de5022d,1
24fd5d750ae,1
f35f7801780,1
f07e1d28c72,1
297380db9ff,1
37d7b5fc86d,1
41659a41733,1
334f005c987,0
09e9535188b,1
4d91d5d1857,0
b4dab594a54,0
51a9820adfb,1
da409e1aa74,0
8e8c67ce0a8,1
0114ce7df08,0
49ab128e05d,0
52e8ab57217,0
08bf4bfb1f0,0
7b8400b1b9c,1
170efcd34cb,1
606af331bcc,0
a1a22852f03,1
c1e1fb0813e,0
3a51618846a,0
3f9cf571305,0
e77cafc2005,0
266c0e0dd8c,1
e5f8d3240df,0
31795e47c38,0
9c211038152,0
51f719e7afd,1
085a2cd6551,1
bfc26a8326e,1
c6b054f49d0,1
de444682440,1
d0e54594995,0
5bc4ccbcf92,1
a36c4eb0343,0
fe564d8a3eb,0
6dfdb7f6cda,0
9648e1f0a9a,0
a9b6e2524ae,1
6efc75ff167,0
f39245874f8,0
f369a052165,1
234a5b30788,0
274f524948b,0
13123a7e93c,1
2d10979f948,0
8a642e298b1,0
c4e4740b246,0
efe67b16a66,0
98cee20704d,1
0fc8a5a69cc,0
8150fbbfd32,1
db551f0e4dc,1
0943f85239e,0
b45ed6aff08,0
bea82b2b749,0
025f63551f0,0
2ccfb042f74,1
1fc8cceb971,0
17ae9d5b84a,1
d947716a81e,0
a670f784c1a,1
26a72fedc41,0
e823d2fda01,1
3b3cf3d3cac,1
684e350bac3,1
e4dc505b369,1
71de66053f0,0
9d0738dde93,1
1a74aa90aaa,1
49d6a7e5339,1
240dc6cf651,1
92812b494c2,1
6030be33322,0
31e2cad56ee,0
f86514cd0f2,0
5a0c738ca5a,1
62468f4a306,1
99552aabcbf,1
1d2218dc433,0
56de3cd2687,0
c22c35e9279,1
7485d30f4b6,1
07358601068,1
9e2f8b3a72e,0
9d9501eafec,1
30ecc3edda6,1
968c500779a,0
b899c8865f9,1
5bd3e4170be,1
eb017afc401,1
8d8b024e72e,0
20207f74199,0
7b1d11d4b3e,0
b4fa72674e7,1
bad4c007746,0
367f25da52c,1
e75aab52403,1
f92f7b64a51,0
6846eb2f152,1
f63685d474b,1
1db0c54c4bf,1
36e7fbc6683,1
782a479027b,0
598789639ba,1
d2bef20c776,1
26479b4cbb9,1
e90aa74f9b7,1
023332dfea9,1
7a6af15ac64,0
152d3f2d311,1
b9ad4a8ed58,0
96e8ba9e4b2,1
efe9afd62f6,1
480675fb257,1
cad980a1081,1
fcd3336a089,1
7906d7a4bad,0
94cf7bbe155,1
f71413c1ebe,1
9d8d19c878f,0
9113d268a65,0
fb9fc768176,1
7e3cc9f2535,0
3c727f8fb26,0
01530fba09f,0
a7bc5f9dc81,1
86ed136f0cd,0
54c647b39fb,1
6887b3803f1,0
74f31887a9e,0
14da22f51c7,0
b98a4752a8b,0
f667a86147d,0
b2f1ed7af02,1
b7f06f8b0fe,0
9c6c973f1cc,0
aba15ba5d02,1
59a7ec86fb3,1
7e718e78adf,1
61b64b6468e,1
61e70bf80f2,0
a6258ef49f1,1
b696917e7c5,1
dd3d0669643,0
c080bd22da5,1
e7f08a3df1d,0
4f345e58c3c,1
769d739de92,0
fbe5c929e79,0
20331a6d631,1
6df732dead4,1
cbe4dfc6b58,1
955bac3a164,0
2561a31b1af,0
dda75049f17,1
489d06db90b,0
56d861049d8,1
3a926872fc4,0
4d7d3cf0d1f,0
722a84464da,1
089936b7750,1
2c646d830ae,1
cba9b434860,0
11549fa08a0,1
9e5b2810f2e,1
e27cf8a18ae,0
a07d149bdbe,1
859d859e5af,1
bc968ea4ac6,1
5c4b00192b1,1
0eded4d2319,0
e7732c9b876,1
a7bb75a9b3b,0
5ce4f97e2d3,0
3979fc4ebba,1
3e3829bd117,0
47c3e231b4d,1
96e720d24fa,1
d41af06c6d5,1
71cd1689747,1
9a218d6f535,0
d829f535c79,1
a5098aa8385,0
c235952fb95,1
60c54764d5a,0
0c2d738a996,0
5559cbc1ded,1
2bfa16b0a3c,0
0b0ff3e7786,0
318065168b9,0
e13fb9ed53b,0
b8d76ff5232,1
598ac86a6a5,0
c3c2caa90ac,0
fcbb516dd3b,1
b10c08f9045,1
ab981cd04d3,1
1bb01fcce0a,1
665122428d4,0
cf6d49fe159,1
2d9e6d348a8,1
faffdd3f850,1
d1a58ee7427,0
69772740a18,1
715c4b6940a,1
b7387950b9d,1
7d78437fc33,1
945806bc531,0
f7efd1dcbeb,0
1f6d0177524,1
060732fc5fb,0
57b3f7aae9e,1
1fc6052e632,1
e1d1a57d4e5,0
e0b58c6743c,0
c747e7b2166,0
a47d8e8e4b4,1
93696924638,1
48ffe57eca7,1
7d90a9bfa6e,1
564aa8b2b70,1
4aadf13582d,1
3e98897a097,0
5cb41a7fffe,1
8feaf2d62b0,1
1c21649c35d,1
8d7d49cbb82,0
1a10da51299,1
7da048f8d8c,0
97157273c64,1
982dd1642a5,0
ab9c5c81761,1
b88b79f903e,0
18d8751c832,0
6dfa3da3cf2,1
e20ffed3038,0
89255f6f2e2,1
e06c0354c87,1
2836dddba08,1
8ceeb29a210,0
4dfa53fbde4,0
f9a0a61ebdb,0
00a922d8283,1
0e2a9f8e10a,1
81f911ed28e,0
cfbd58391ac,0
ce1e5f2c9d0,0
db4160a7704,0
26e4dc44aa1,1
eef40029d8d,1
32ac86f7e33,1
c1b907fcb78,1
6e59ba0fc64,0
e5f324bab80,1
64fc996e5d3,0
3ce656a01e8,1
e3f4254d499,0
7da95a76cca,0
3e04bee1664,1
0b88cd3d8f1,1
9aea43b1d06,1
a50612de5b0,0
5f930d68047,1
5ac58e7497a,0
db36fb48d7f,0
81d8658229f,1
fd4b5bbcb3b,1
b0417ff27ec,0
14f25aa8bc0,0
946ff1c84ff,1
c94c7daf1ee,1
3723bd43519,1
0a785f68c6f,0
523c08fbb26,1
981ea9dc7fa,0
5ccf5f10260,0
54c6f623709,0
29652a32409,0
d57debbd15c,0
c851c7064b2,1
7592d92c322,1
e49f96b8ebd,1
c6d571c150a,1
643abb3697f,1
4641fe70c0b,0
a0a2bdf4124,0
a5dce6780c4,1
f9778af1d28,1
3385c43f85b,0
e931a7fc079,0
27f2b5049d1,1
ffc86f17e6e,0
633d60dcb37,1
3d8704992d4,1
d332a63627f,1
f1f42b697fa,0
44ce9bc7db4,0
3f6780ea9a8,1
0ea82a8afd5,1
e0e3cab38e9,1
8530393aedd,0
17d63a7da73,1
4106d7992b7,1
2cec8f742dd,1
0be83aeaf19,1
3e034a3f2bf,1
5d37c5e2766,0
47de108bb7e,1
c2c609cd8a0,0
331d12e4ba5,0
b04f02ebb04,1
37b5351814f,1
760afbd896d,1
b020c454d29,0
76d8bc5cd20,1
ea18ac57b0a,1
551eeac24e1,1
587bb028d2a,1
66f40beac5a,0
dcdd7ec8303,0
1f4f3bb4d24,1
ef4035c20e5,1
d648fc926fa,0
a6b6a0dc3bf,1
8eda2895f80,1
93ff9c7d200,0
678b76900df,0
0054aa78e58,0
3e3020d9631,0
86250727146,0
e078b91775e,1
d464f95e0e3,1
2fcfd930ce5,1
c16baf111d4,1
e9879951303,1
9e3e995b9b7,1
a63318a614a,1
02988b5a61d,0
ff25c0b684a,0
93eab4e77fd,1
f4735f758cb,0
8cb96ba6b2c,1
83299eae105,0
c797b8d716d,1
de3e59a4403,1
58ff885aa89,1
a6156a10391,0
3aee4c8dcce,1
8750487f415,0
a93e8cb2162,0
a66f9d4a360,1
20ef33ef36e,1
20faa674980,1
de89a7c1d81,1
405241444a3,0
d83e9c6cc23,0
46f9e92a0aa,0
dc4da36e4bd,1
f6353b05f62,0
22e45bb8114,0
65c09f0532b,0
db0b454b4c4,0
f5309f3c366,0
01760a1568e,1
25b7b750f6c,0
2c723987e61,0
9ada79d1202,0
2aca7ec70ef,1
4f615ca721f,0
05224113210,1
704e95f40f2,1
4b89e613b18,1
a44d43e38ec,1
cb54f046eb0,1
3a9727d97db,1
227b0a0fc3f,0
74933ef6c6d,0
8bb06185e36,1
c4d3e6e3d7b,0
ac4f840ad32,1
2456c41cb44,0
79c2fa4821f,0
1a371fe4ce5,1
36f8974a732,1
41e70d09bca,1
de60d04ae4c,0
fd76c438cf6,0
2649f2412ea,1
1ab4b55e264,1
8785b4e432f,1
9676d1bc16a,0
b55d78e1354,0
eafddc9b5d0,1
8824c895d0b,0
bcf31de8a9d,1
db690aaff9f,0
4ad37752f47,0
253e787aecc,1
13fa7442d44,0
eae301e684c,1
5bf99eeae3c,0
0b8d276ee38,1
f954eb74110,0
7e974200b2a,0
14aca51dce0,1
60bb5cdcd99,0
1dd1515e952,0
c5bc8c4bc81,1
72effe17ed3,1
fdd8037b676,1
a3c1efc2d27,0
055ffc5c43d,0
99ce176a3a7,0
ef5bf41893d,0
89d0acb6f2e,0
f278a6f6ee0,1
8eb4ed998ff,1
d4df0941388,1
e9b0b231adc,1
f87ecedf190,1
50d7d1bf35e,0
2c3effdb89b,1
45cac8c213f,1
2f06019df3e,1
24f4f44052b,0
c5ca5d363c8,1
237c3c72ce2,0
fb1d16c3d77,1
3940fcd60d7,1
3ef00dfeb0b,0
275f76f48fb,1
ee028d6d945,0
1450cdbb1e1,1
74631d5778d,0
a1934bf33b7,0
1a9433a3f7a,0
079363d2803,0
ce589b4c4a7,0
137f6946d5e,0
9ffe91860d5,1
dee10e00ef4,1
8b9c60a6386,1
1d836fb86c3,0
3e45a4c2625,1
c836c8ea639,0
2903e87501e,1
cdee78f74c4,1
0fad15ffaf1,1
d8fafce721d,0
3549c957136,1
80306fbb185,1
d16690fabc6,1
48354015d31,1
74bfa954f9a,1
df83d5daea2,0
31f376df00a,0
3791bcba2e9,1
8bcb2be921b,1
9632650f581,1
bf5b632ce16,0
4cc1d34d4a4,1
8fc97f38cac,1
1096ba9c90f,0
02a422cda00,0
2c7be011699,1
4d9570ba045,1
8ae12ebe61e,0
4f5e6edc184,0
cf5a6db110a,0
9d674b14c1c,1
b4fde205100,0
e179fd87a92,0
b9be8f883a3,0
022e64ce8cc,0
c509ddc46d7,0
df6839ece3f,1
cd7360d6f22,0
c40bfd6bf55,0
4001a21004c,1
3f8da6fe606,0
e5147743e7f,0
0dd0233b8e5,0
f3826552fd3,0
d9715e7bafa,0
d897f82f5c5,0
e4855904bc4,1
ed19a4788c1,1
47361b340b4,1
d6fd2e25cc9,1
16dc46d2aba,0
f0ed1b7cd06,0
66d8d6479a1,1
de3ba1389bc,1
c1c65a12f0c,0
344ff6aeee7,0
b5453137f8c,0
fc8707ca0a8,0
29a8d7c1a02,0
a93577eee00,0
33fc7a61c93,0
d17dd22782a,0
db1fa1bf0f2,1
13ade692cca,1
cfdb9cdde98,1
c3f8705c024,0
e524ba1270d,1
e614393a6d4,0
8fdfed495f5,0
a46b14821a3,1
5a21a31ff84,1
ab5ff4bc549,0
fb570a2d4de,0
d382cca6ae9,0
60538d9fb70,0
2772b5f691a,1
34c76c801d1,0
faee919dd7a,0
4df7f038ae7,1
ed949413990,0
cd36ed67f6f,1
c53efc3cb17,0
ae0097a6bce,0
bff957e7ad8,1
daca4994e61,1
b30fb348564,0
322ded482bf,0
c6b529026b7,1
ec532e3673f,1
48be7695dfc,1
57f2d4dd219,0
92cef963857,0
b7a1ceefeb9,1
6e3db7c6a8d,0
503b3dc1afb,0
a66bfd49b4a,1
1ce891e4edf,1
470dd011157,0
a1c53840baa,0
d51738f18ba,1
7354dbf65a7,0
6d8a7d9dce9,0
6629777e529,0
de6d32ae9f1,1
1529a6f381e,0
69103436df4,0
209f27131fa,1
33d46a053a7,1
2b99147b45e,1
610ab855dcc,0
5b043d6d85c,0
951d888851d,0
7f125025607,1
02e1b755c9a,1
2e2f0247898,1
48515970a6a,0
add243aee0f,1
bae8f7396f5,1
8a20687bbf0,1
3206fe2c722,1
6420c28c285,0
35aa59d7a26,0
8112fc4a0ed,1
48ade39b162,1
7f9acff5b64,0
39f7740947a,0
3ba3d29e509,0
6c212ac92c6,0
50ce9c83609,0
2d9e862e213,1
648a9698b73,0
703d1991d77,1
5e2e9804c7e,1
fc09f119e1c,1
54a099c4bc8,0
2a02d511d72,1
3a0d2eca3db,0
134343f19c7,1
6300a49c89f,0
3382676956a,1
05b48f66bc5,1
8aa25f1f258,1
b285912d63b,0
8a5fde3abe6,1
808bd1a5d51,0
e5aa983e766,1
9397c4db291,1
bbf8110f001,1
9a3a60f03a4,1
03e09aaa20b,1
984ab2ccdf9,0
ced1b6f3e37,1
d81c34e1971,0
df32e2b2aa9,1
0e07c506760,0
b6111958668,1
e971f7a9fc5,1
8619d84988c,0
ae7f7e29de6,1
ee9dda313b6,1
6d8f4e6fffc,0
cfa35cbe0eb,0
c25d5a37b47,1
6fa46f8329a,1
6f054893904,1
23e6800be97,1
0f47834d37d,0
4653bf22c2b,0
fc7f3be7cf2,1
42d3a9f8eca,0
9db32d1b2ac,0
18c434ccd40,0
45a7fa7f5f9,0
f2cbb947c3b,0
795b19129b6,0
82df8c2a4fd,0
a6ead549657,0
e207fdfa769,0
56abe2a669d,0
870188adf35,1
08cc064e9bc,1
1bd006c1764,0
491839dab1d,1
b3ef14ac629,1
ec80f8ea081,0
fc39087cec7,0
e9c71b56d89,1
3dfadc9036f,1
bf28eadeeb6,1
71af00ff8dc,0
1e9dce8d6cd,1
7b5bcb3e3c9,1
ee256bddeec,1
09f0113e0fd,0
c9f99606a97,1
f5cd303da9a,1
aa0a86c5b23,0
25752bf1efe,1
956afa40b04,1
f2cfdb0089d,1
516ac7b8575,0
4081337025f,1
ea2cb3f7777,1
1a9e3ff8561,0
9c90204796b,0
919ecd37d13,0
80db4564b7d,1
58d3cffb3c8,1
d30811bed6c,0
14e109d9a78,1
d2874ff2fd3,1
8158203d58c,1
564b520691b,0
ec6abdad8f1,1
9e20a9a5804,1
d69a67e82b2,1
9fa2f63406c,0
21256ae2607,1
3ad2fac972d,1
13fb7bbd993,1
0238c504c98,0
e7ff4718b99,0
258ada872b9,0
e19afa9c8c3,1
5df0211ef39,0
b4326718733,1
fc77404369a,1
1aa1b64534a,1
5fca77e55a2,0
d6162dd7492,0
7d16ab9305d,0
60b48f1da65,0
7a895e4afee,0
13d3ed6798a,0
fa26e6645fd,0
57166f769e4,0
9eac97df112,0
83c6e77202b,0
cb83e0536ae,1
48523feb075,1
5c5d9fa402b,0
5ec799608d1,0
10c7038f7bd,1
738ccbbb5ce,1
d17ec454ab9,1
892a7980f20,1
720496bcc46,0
1d976f41066,0
042b4cf89a8,0
e9e3f1d97cd,0
97627444a9f,1
493cb09264a,0
0d98e4c20cf,1
41ab79c1d4c,1
87345bdf0ff,1
232a10b9ab0,0
9d94834d3e5,1
ff8c32e5598,0
ff9e86512ef,0
0df09cea4af,0
e9fc0a77f52,1
57ebdfda0c6,0
49463c25213,1
285fdb252af,0
a5685b40761,0
4e26f878b3c,1
2aca59f19bc,1
df74af883b0,1
36bf54f6851,0
db19b6f8304,1
57ad15c1946,1
4effb12c82f,0
8af2421f665,1
3ffa3e867cc,1
63de22bbfb8,0
dbc88c5eded,0
09c7811fbd4,0
275ae522032,0
caf39838148,0
9c2299594fe,0
b8c4e992760,0
fc8d1e2c875,1
76ff9bf9407,0
9670fb3f616,0
5e601de882d,0
0945436c671,1
56c4e027388,0
0c129dd45a3,1
7bc75394941,1
e25196735cc,1
dc70e0fbae5,0
f382ff883af,0
a3422db8d4e,1
03a1c77457b,1
f6fce93e955,0
e48abd46e37,1
4112fc1fc06,1
cc4a0cd4c94,0
17da532e9fa,1
d324b9303af,0
c8ed15489fe,0
26d5087519c,1
be4beb4b180,1
3de5a0c057c,1
8781500ee24,0
e336c177af2,1
b4b0fa06294,0
afc9de85169,1
92487b75e9a,1
c461ba1d9c6,1
22229e12d2f,1
cded1138250,1
584090d8484,1
1e7d57ae0a7,0
ac16e1c6627,1
ed3cf9d4f46,1
05b73e50b47,1
c55ceca1840,0
c111ae13a2a,0
eda95f2c486,1
a5f31f34279,1
be9626fcdba,1
70c0b9f91ac,0
54d1b979617,1
499052ba3b5,1
250386a06b0,0
2dbe79c10b8,1
4b7b476f8ac,1
c75994d9083,1
cb559ba057c,1
89cbcb56367,1
56991140802,0
e8ec1df8211,0
8bc24846177,0
b99ff4d8a40,0
86c2a10d28b,1
939eadf858d,1
98b0f374bc6,1
cc84838fb2c,0
033fa000da9,1
e9b0091662b,1
b5a1b3237c5,0
00e895667b8,0
0a4d6a39e26,1
e4494bb6cb1,0
6879c36c0c2,0
e3bfcbcec7e,0
5e3d9ff6477,0
6d8b3c7b26c,1
aab03a90b14,0
bd3004a149f,1
c9c6a39fd50,1
61ad64fe0f7,1
50601ebdbe0,0
c2956976ff3,1
f948d2c1e1c,0
4f9061bc670,1
4f4cd44c756,1
477d8f89727,0
acdfec9458d,0
6cedbf229ce,1
73bc32e7f69,1
33a8dea7c93,1
6a86131ae29,0
ef536b3b87b,0
81d05869f84,1
ebebad05a26,1
43b200538f0,1
c154b36abf1,1
84817314102,1
b37a617bb5a,1
ce84d383ab9,1
6ae978e447f,0
4b9318725ef,0
bf36cbf6d5b,1
5c382f4d6d9,0
17beb26c136,1
788456fc956,0
845d05a43c6,0
dc378e4ecd2,1
39413c7ae7c,1
44eb37a5afe,0
5a6eb351742,0
2d7f770fdb4,1
1f28d063788,0
ec136495b63,1
04d5d43d164,0
749cb8bd246,0
99c18af33d2,1
cc82c6d89bb,1
cf865cc3b5e,1
a6994a6b092,1
09ede29db29,1
d9de1fc03f2,0
c25d207cb5f,1
bd86dfd8c5d,0
e6a07950de3,0
7e0e16b9285,1
5287d979601,1
794a711a921,0
093dd1b0f93,0
50d2c724b56,1
29d6538b697,0
87599c1e196,0
087887b4a30,0
b44688f3370,1
b1dc62e9c81,1
045d49f5f8b,0
809ffe43db9,1
9d0c7189f03,0
2a6c792e31a,0
dfd68eeee83,0
defa1d32c22,1
232731d2992,0
bce23f27974,1
0b72e6eac13,0
7542ab9a649,1
28beb390aa2,0
1fd744ef1f4,1
acb86772aad,0
ccbb8367d49,0
64e90af7959,0
2569ab1fc29,0
9576bd72d14,0
e44bd159282,0
efdc318d8fd,0
b194ca5bf58,0
fc109a078a8,0
312bb2901e2,1
70b1a3286f5,1
844827edc59,1
d3ea76f912b,0
ffb30878b4e,1
1013acd9558,0
361c7b7a764,0
ebd4b070946,1
06055f6f95c,0
a4aeef71b4e,0
95dadc415a8,0
a7c7bd11dc3,1
5242a533575,1
29ec7245302,1
9da5d51a22c,0
149896ca1b3,1
e638f350cdd,0
66873806c11,0
22d1c36e3fa,0
8d824baed06,1
6d5cbf84682,1
a1785879a90,1
6c834188841,1
9eac347a579,1
d5d5d73e4c8,1
4a795738f07,0
ffa44186dfb,1
83af4b791e2,1
df87c2adc06,0
e507d13e979,0
5b1d88fe817,0
8a4b4411c4d,0
7d4dc895ecc,0
139e60be012,1
c244284e368,0
2101510cacb,0
5cbff5f8422,0
61e40294981,1
ac407e21b23,1
202db58e719,0
03101cb869a,1
2729835d3ec,1
243c75aca03,1
e0ff65e5619,0
b957ced4f26,1
abe81b552fd,0
3581f632c06,1
9bc7acfb3c1,0
3587ecd3c42,1
62bc3986212,1
a4443804859,1
909b6e478d5,1
3f134c28bac,0
8c647572a91,1
8dbfb20326c,1
9b61be88836,0
6e0ba612a5f,0
bbb138660da,0
c1cfb987974,0
3a7cd604856,1
c0513f8517e,0
a25f87b5a5b,1
6c357e67155,0
c6b2741b318,1
c23fe070ee1,0
935e2ec969f,0
ab154cc75b3,0
6c4bcdad475,1
1068b4cc3cf,0
fd71bb47c9c,1
e931d92a4a6,0
3ed3eff0134,1
56d24ed9877,0
c6d2d6f2f59,0
91559c371a8,1
77e8ba17295,1
e03c3c848bc,1
b974e339691,1
0b30d51ff91,1
758d9161430,0
233e5a06246,1
cee4597dd7b,1
51e8bf1fffd,0
9902846e15c,1
be028d4fd7e,1
3b07135d8d9,1
9c1d2a506cc,1
092234e9c13,0
b5f1703db4e,1
55667011e32,0
d6a175237cf,1
2e751d1f7b6,1
caac7fdd13b,0
8136c3eca84,0
42035b17e1f,0
bf3f8486db2,0
b792a1d0fed,1
0bb5a5cbbb9,0
eeb037e9506,1
05446048375,1
2a3c3691645,0
576e6958df3,0
38f30d948b2,0
9419250916e,1
f0c2f87a91a,0
e9752e5d2ab,1
f4412bed5ab,1
55380970091,1
ae7cde55e96,1
dc52f316bf4,1
4e66cc30ac0,0
9a8649a1f15,0
566f05c6cd6,0
e4712234fc1,0
2284de00296,1
16988418573,1
235b30b1f92,1
f2e7665b95a,1
4d5bbcbb100,0
697685ca7d7,1
db1ce1b218d,1
242f9ffbe5f,1
3754bd9c9d3,0
a00b3590c13,0
2a901ae7ef4,0
3a53204a5a6,1
bbf72fdd3ea,0
79f59b307ed,0
c266404b1a1,0
1228138ed14,1
c8a9ddf75a2,1
f18f347f318,1
8caca175952,0
4b4502cf5f2,1
fa6da6c511f,1
d93bb23970f,1
931804f9b54,1
f28e874a752,1
eb12499a337,1
0c6379c33ee,0
e8cbacc3b1c,1
37e7474c422,0
32a28a60a8e,0
d4d4efbc032,1
56f6a66ba43,0
8f5a301c076,1
8e84f79c2bf,0
c133b78b0f9,0
2f27e431299,1
df91d24e637,0
b7107e5765c,0
b12cc415218,0
25acc944144,1
02c9fb744f0,1
cc50b89f22b,0
bf497ed3dd8,0
302fc03a666,0
6d422ed0ec4,1
a95ebf5d245,0
d217ac5129a,1
2975356a618,1
3142927a600,0
9d22e4c7310,0
f84f6b80d50,0
bdae00b7e50,1
b02147124a7,0
e083e041124,0
40a1a0a8edf,1
7190c4263ff,0
4e0472b5c07,0
3119d8d5c74,1
47a9a7e60ff,1
655cb632520,0
fe9282e207f,0
9f2053aeef5,1
8a430aafc71,0
97a7a3286cb,1
39f7801c490,0
562fc4df9ea,0
8c0495ac559,1
b571105a0dd,0
ec08b9c96a2,1
75ad3a9322b,0
4a1eb34d537,0
b00612c64ef,1
e40e1a234bb,0
a1532588c55,1
2e989a2d542,1
8cd95ee6317,1
4693c5be31d,0
9a39abfaec1,1
5a5ba19fec5,1
7f553d380cb,1
b181006de0e,0
c2aafec8cc1,1
a81c8a8601d,0
2507e80b402,1
e831340f2a5,1
6209258a2e3,0
93f0e141d2c,0
14f02f4543b,0
eff8d22df8a,0
4b07ec7144f,1
e89b9dfb00a,0
5c8820ccc4a,1
369e321b319,0
15e71633bf3,1
efeddc8c313,0
8c1a6cbabf8,0
6e946ae7fa0,1
8c0e014810e,0
b0044f87d72,1
1a9adb75e91,1
75df51f8fe3,0
407bda9359f,0
b8637652c41,1
d6807a71f49,0
4798e491d9e,0
cad8ee830b7,1
73010c4375d,1
98167ac25c5,0
ad02567ad97,1
1cb11c208dc,0
961af66e271,0
0cb7297a8d5,0
67e1d917d69,1
f5e6e5f93c6,0
b8d5df1ebdb,0
1eebe86de33,0
aaf6f6f1db7,0
b757ef42252,1
3d927aee214,0
fa0a445f003,0
49cbd60776a,1
f8316869128,0
4bc1ac15f1a,1
d3236ce5dd6,1
bccecea9b10,0
942b8e15310,1
fbef2e5a4a2,1
b6c385a3562,1
e9698cde5f7,1
c05ef514797,0
e2db288fc10,1
1bfce4dd0f1,0
13bbc6cd9d9,0
b6a59c866a9,0
4a82e4dc5a1,0
97a9849f22b,0
199e6ca9cab,0
98d220522b1,0
94c3d2705df,0
f34ed23432f,1
5f4bb26076d,1
98b6e92dd94,1
d314b94d4d4,1
10074deab21,0
1d57fcc9a71,0
0997030df26,1
9eb0c72599d,0
703b6f4f3bd,0
4e5ef1fb6c2,1
cf87b46e007,1
8ec05a6ea38,1
d2e2c7bc3a9,1
95cd881a72a,0
f2cbf9d554a,1
1e50c1fed92,0
303d056c9ea,0
31a0ad1c1ef,1
b52b99bf13c,1
4fbd5df3ff1,1
be056eae8bc,1
c9e9d20e83a,0
b1320e2cb2e,1
8ca9da3147b,0
bd9e111ed3d,1
904d7e3a4fb,0
936ee972d23,1
a370e60b373,0
1bf60dfcbd8,1
9d9e6279f8b,1
45231ae4179,0
465ce52eb78,1
abc6e887699,0
474f95b9feb,0
7ab7587ccf6,1
ac51e45cd4f,1
376b54dc3dc,0
5bcf871d2cb,0
82860de5a1d,1
1d96f057204,1
58ef74a83e4,1
1ed9a0c9ff8,0
739e61949c2,0
40fb84e7d15,0
40b92f7dc10,1
834e0eb4657,0
0f7272536d3,1
61c42b4ac65,0
d40e8172633,1
5a9cf48452c,1
14fb9de1a46,0
835fe1cbe35,1
674ed6995b4,0
31e8c2c750c,0
6c268a6034a,1
32bc36006ea,0
380a7b942d0,0
0f4dc50ddd6,1
262dded638a,1
b4e0f5cc689,0
412b51bbc11,1
4261551774f,1
8b0de3fb8ca,0
64da44262e5,1
cd9a473d208,1
29ad2eb5b0b,1
84db217c811,1
b0ec0a09472,1
522d3b25b07,0
05bf7b42c02,0
ef564a98e15,1
7d54fcf5664,0
adff70ef373,0
ab1fe834366,0
0c209a3b13f,1
b2f468c0151,0
962e7ba669d,1
4713cd0c63b,1
347a1dc9bff,1
dd89402d6bd,1
f66e7ce58f4,1
de7089d605e,0
2214c4f2ab2,0
d9befe9770a,0
cdf7a3170b5,0
2c42426a9e5,1
699129b0ad5,0
8b0c70c1588,0
12f92feada8,1
20775a0215f,0
21f9f7c4c46,1
47b8e3f146c,1
b4c66ca4b61,1
fbe7fcc1e4e,0
0a7a51558cc,0
f61c93e5f06,0
fc86da825b9,1
0293427f565,0
7aaf29d2613,1
87acb184e54,0
9fba8cc24c4,1
2a5a8cb1a6e,0
97468cbc9fd,1
f632897afab,1
245322b88b9,0
36ef7b95f21,1
66fcaea87ab,0
fe7820a5196,1
86be6161d2f,0
bc2aac780b2,0
991318c4455,1
a815ceb0d58,0
c2322c8ef41,1
a83da6761e3,0
8ec1f9d524b,1
b505a5d5711,0
9450d24dc5a,1
821ea18b1d9,0
d8e9ab0360a,0
6fca42180dc,0
515d0644da2,0
81bf6b959f8,1
a7f026e46e7,0
ee3aabbe8ca,0
243a405fb0d,1
9ffd3f32fa4,1
fb11e6030bf,0
d5f3c398b82,1
98fb2d4a707,1
6955cc824b0,1
ab5272bb2e5,1
d2d313d1aa7,0
f07da030ac6,0
2c11b868668,1
f35d58e5034,1
23bfe7eb695,0
09a2720ddab,1
f7d466522f9,1
18a674013db,0
b694a7fa2db,1
cb0fdabd33a,0
aab5a31e105,1
e9df1244dbd,1
da11f9d01b6,1
0b2e5257284,0
bc1752be375,0
3024e51a1a3,0
64363465a08,0
f1c40a10ae2,1
aa365ab998f,1
f299cf4fd9b,0
a0b7376f64e,0
988eeba882d,1
883d5c6766d,0
f980e7c2ab5,0
6e3bda5efd3,0
86642fd0fb8,0
80c09b86c62,1
1561bcf1296,0
a3f938d496e,0
41cfd0faf58,0
a5c8095e737,1
798ecb83f6d,1
cfe965683b8,1
ce802982af4,1
026bb00be4e,0
2cbb90ae9dc,1
3b56b3d14ac,0
7123b19873b,1
aa8a165c0d2,0
ca9ad38a76f,1
f3d1fe5a1bf,0
15831fa4314,0
8238fac6f8b,1
66a60165000,0
a61893d9887,0
1e3cc134248,0
1bf26ae2d5c,1
7e603515ebe,1
b6368c2a458,1
79f0783a779,1
6c9c0721333,1
41e5f20fd0a,0
e5108a4891b,1
673f8f54253,0
67c3177b1ad,1
0d694a5c07b,1
fc102d4d46e,0
4c6eeed599a,0
b7c7c383cdb,1
142c844f6c8,1
c3982994c79,0
2682a6b4fca,0
77da8dfbc9b,0
5f891d43cf0,1
00498b5062b,0
bae42715b72,1
38b7281e430,1
182b05ae749,0
3ea0c221c36,1
77e628dc3f9,1
fa92113fd6e,1
2e06a392a8c,1
ca1d907e1a0,0
af6b1d1d1d0,1
2fd228c4119,0
78b3f056c02,1
6d88814d1a0,1
7327cc986e7,1
b4470e34ec4,0
d1febd51da3,1
b83b8b6a373,1
167b389ed52,1
42951fbf666,0
42ad1b08003,0
a520aabde27,1
7eaaf02705e,0
2dbbab9ae2a,1
79950394bef,1
84eaa6a2eb1,1
5e5b085aa1e,1
00bdc3b6908,0
d972e13b95c,0
ed6a8e1004b,1
5450195b560,1
72f78966d30,1
4f10219b2d3,0
a58c1c8e391,0
7631d47eb72,1
b0556da6795,0
d32d46c0d76,0
189eab8d4e6,0
eff9a2795f8,1
d477fa98abc,1
1f8f6b0c05c,0
f744a91d45b,1
a9ea7eb1ee3,0
236915dae69,1
5f7f176c5cc,0
62f16be6f75,1
2d29c562f98,0
4f983331a14,0
7dab36839e3,0
c7afc122636,1
77e08224098,0
d19a6edab3e,1
fc6e8fcace1,0
86972f3df68,1
a8e86b6dd2a,0
50c1fda8c23,1
3f7c7356708,0
678989f9200,1
bf2912b2c56,1
0a61ec70153,1
89cc8d23ed6,1
7e546a964b9,0
50137d70157,0
d280c406c1e,0
ab8d100e1ea,0
61dc1d69177,1
aeb270fd2ac,1
56b38071716,0
e98f40cb461,1
3b9a2471ef6,1
5071744bacc,0
63d312f4a42,0
a8c1f9bdf5d,0
0091fc9b153,0
e3792fa4f4b,0
6e6d9caba0f,0
e0d3754fbd4,0
ef580d46550,0
eec82761e37,1
3bb7bb1f5cd,0
d76c1def830,1
277087597e8,0
8ec1e5571f5,0
17de7c7a9ee,1
37b6c3f921f,0
01b4e468e40,1
7b94c149fd9,1
872d65e9ec7,0
9230504c06f,1
448549e2c4c,0
3418dfdd9c1,1
409aa5542c9,0
12ffea28e6d,0
549bd68332f,1
41bf5154d8b,1
c52e73fb8d3,0
7cde0e322e6,0
7ae01310c49,0
1b87fe75b2e,0
0ecf0782ea8,0
3a955732c60,0
7ad99275ec0,1
2f219ff8fda,1
ed2f872902b,1
0645ebcd0e7,1
94209793717,0
425cd62e6db,0
48203b594a0,0
5dddbdb8e40,0
94bae6d32fa,1
b236f1657d7,1
9ba5b7b86c8,1
7a06bd4f393,0
45712056bd7,0
ded355eedab,1
4559c730469,1
a676e95923e,0
fb839536bdd,0
38e5f1f2e27,1
cd2f115283e,1
085639c06ce,0
5bc3168b0b5,0
471420a148d,0
b1654849f7a,0
5be3297755b,1
9eb437f7824,0
8ecb67b851b,0
db0acaac55f,0
35986fea376,1
3f22e815ebb,1
3f80269211b,1
6023a3c58ff,1
8787fb6a8b9,0
d1f0b6b112f,1
7beaf3449dd,1
935a12a32e6,1
4da4d2f974f,0
fa8ff8f2ddb,0
9f559954041,0
cc83c84270e,0
fa488bffe02,0
bad14c82adf,1
d1d5c029baa,0
bd3f9e0890e,0
f466c63cb74,1
3ae07eedcb9,0
0c7bfdbee8c,0
dd69e62c009,0
cd117d0266f,1
fbcdc7fa978,0
62d2d7067af,1
d3379f4c357,0
c7bb7a190a0,1
407ed32988f,0
b986c9a0cbc,1
a7a1648b92b,0
5c6f2ea06f8,0
c398c2cc7e0,0
63c771dfb11,1
89850eaa7db,1
9839caa7fad,0
b8ff1c67ebf,0
f0de7253e5e,0
f6cff0f47bf,1
4caa5b92168,1
15eb81a4932,1
de71bc592fc,0
e9865d30dd9,0
381810f5bcc,0
bf1bf8ecd96,1
cb20f047dff,1
ac3a003de2e,0
5da8f1e5e2c,0
cd71f63a5ca,1
2a181ac06f7,1
26741dd9d20,0
660f5aad129,0
2b5af3357bf,1
e8bdfeb7ec4,0
3f357d99e33,1
5f0d2300020,1
0efa00dc163,1
bf25f132c6d,1
d7cdd4f0ab1,0
e69cc51f7c7,0
398d8b54522,1
27f5d6a851f,0
02562cd79a2,0
841de223762,0
a0306c24f2d,1
c06f2dd8df0,1
7aabfa37e9f,1
ae8b62d121c,1
9aefe33024f,0
5760dec1cf6,0
111553ae9c4,1
f1bfbdac99d,0
7623e1468bd,1
2e2e5d982ce,0
4f9a370f57c,0
b0d7cefdb5b,1
05c34217e6d,1
b6b519cee56,1
b7377627687,1
7bda0432952,1
a8f293c9ffc,1
d49c7577042,1
ced582a6c88,1
2291566f65b,1
84fe921a9b7,1
79d42d584b0,0
fa17c91e7da,1
b897dd7a379,0
38011c7c703,1
4df39b8d1c3,1
75a8a445f47,0
2f47cb43409,0
d16e9b17c92,1
334fba6bfb1,0
bb4944e365c,0
451d822bcdc,1
e1fc448d147,1
7d6963feb8c,0
1394d83c774,1
82ad837a2e8,1
00abb0b34a9,0
787cd3c73ca,0
43942c702ec,1
9904b773cbe,0
c853ed86865,1
53ca888e4d5,1
7b813e1f32a,0
e9efb315caa,1
b7510d66a53,1
57085901149,1
ded647e88d5,1
991230da35a,0
e3f4737f936,0
6e24b9451ef,0
3e49d1643e2,0
be9b902ea88,1
14966f22fd5,1
f098972e160,0
03663997d09,1
eb381ba889a,0
28f763cbf4b,0
542b0f00618,0
1ff344c836e,0
32b1ac39efa,0
680818a7fb0,0
3cdc80f7747,0
e6a4f6f777f,0
b8ee6ae27b2,1
7a2cb301e79,0
93b0bdef947,1
02912ebd705,0
0367443ec08,1
bfa1dece836,0
7229e153552,0
500bb2be4ea,1
610a52dbd1b,1
6507037e819,0
a666cb1cf39,0
c387bffee4c,0
0e824d9c217,0
f62d9f9e18c,1
23f32390455,1
db8c1c387cf,0
9e29d5dd021,0
c86676242bd,0
9188b55de10,0
8851f836d58,1
675c915d7f4,1
b36cffe618d,0
9f435571703,0
e3e3175e64b,1
aba262ffe1b,1
ed2bab1a8d6,0
42868973c79,1
f6aa5999325,0
f3a4d613b70,1
4aebe2d947b,0
827e7dfe134,0
2829ef7c031,0
6ed22951316,0
8ce356d303f,0
3c9efbb653a,0
661af7dec80,1
e0d1a651da9,1
a655501f533,1
851a247a642,0
cc6a4b209c6,0
8ace28e06ed,0
c805865636d,0
913a7da66c2,0
a6f6a6e846b,0
93631996e9b,1
8a2a4a1c6df,1
dffc9f6ac67,1
11b3c29e15c,0
8202bda242a,0
c3d7409876e,1
1beec7c8760,1
9ae4112eac7,0
f5cef8e599b,0
be255bbd371,0
04067a4e534,0
b6bc6c3b5d1,1
d723014377c,0
a369bf1de0f,0
85bb98a32d6,0
0be52aacecc,1
efcab1cdcff,1
5d69b8e30d9,0
c3542f604e3,0
7228e1bf5f2,1
67fc3dffc75,0
6377edbadd8,1
e69a33b7b7b,0
5ec6a6b7bb6,1
e3da42da587,1
83addcaf87c,1
9809b3f3c2b,1
d3ffe5bfbd9,0
2abb1f36d58,0
d987437bebb,0
d668d6a067b,0
2b1dccd6f60,0
238eb38ea41,0
2b96c8747b1,1
9846d920899,0
61c312233fd,0
278eaa33935,0
ff37657974a,0
f8754787110,1
66ba43551b0,0
d986180aff0,0
286058dec0f,1
4358d9be733,1
408eba04981,0
69eba01b211,0
d29c13d69ce,0
86176e9d7fd,0
5a16984f7d1,0
00630df5aad,0
c6ecfa83c61,1
1aae7e95b02,1
c14f086e11b,0
10da4f5e2e1,0
a12d3ba80ce,0
7e6c27ceb82,0
d53a58e02bb,1
c3b99be414d,0
5b937d6ce93,0
b82b2349154,1
4fbdede71b4,1
5a6aed01263,0
81cb16211d4,0
c2d4fa9a97a,0
6121993d970,1
7c3675ab1b2,1
676da692e20,1
c4c7dc84d88,0
bf09ff1d64e,0
e14aefa09a4,1
7413febaa7c,1
ef3c47d7fa6,0
c98632419a9,1
5d5f6418e63,0
aba67940785,0
d27dcb67700,1
bfd2fcfdf01,0
67ce144381e,1
0993bccb2e1,0
7bf4fc6a5fc,0
ea7a9ee89c1,1
5fa2c48461d,0
c3272c61aba,0
b2e2a8333bf,1
5079ec3ff03,0
3ba32661ffc,0
c43f7267cf7,0
86f7037009b,0
e30ab09bc56,0
3e3a8aa61a5,1
ba87376745c,0
37fc374e9cf,1
06cb662587a,1
b6c04bbb298,1
253a4008202,0
b2334758c7b,0
27b47fd78c9,0
6b38ceee978,0
833cb82718e,0
1a32d5c794c,0
31d5bbb9ef5,0
237e2a6427c,0
f48c93be2cd,0
336812a87e4,1
2fa44f311ac,0
212ea28c12b,1
d2e56b85ecd,1
9287b2853e2,1
178095a14bb,1
65c086f13a7,1
5c92a34bae2,0
872592c8c7b,1
955562020f8,0
c2152a2dc92,0
32a36d9e833,1
1cf2174bf11,0
eadbc44d5e5,0
1797beaf682,0
07df446e58f,1
7696dd3f4a3,0
10edb328727,1
5b3caabe7bb,0
13cfd47358e,1
aa1eaabae61,0
f750e620ac3,0
50b52ccb208,1
688ebbc295d,1
083209e1a99,0
abd0c4d1be0,1
004afdc5f5b,0
4a3e92e2f75,1
bff8a31019d,1
d9435edef5b,0
001571c0efc,1
193ca221a18,0
690d28cb0be,0
3e7e343db7f,1
9be9996ce34,0
66609406f34,0
1c0e9f4bbfb,1
be1c997be9c,0
518b1b49a8a,0
9e10e584b17,0
57283926706,1
105513001a3,0
69253e249bc,1
c56eb5c956c,1
2dac98fd87d,1
35628035ea8,1
e73cb15fd1b,1
c4802804287,0
610425e427d,1
55668cfca4c,1
8a353b85eca,1
324dc814c72,1
5d17799a192,0
1a52e9e7c7a,0
d540dac15d2,1
2d8c0a1ab61,1
d9c7311b4cb,0
e137979bb36,0
e18c6f4766c,0
572dc68b1a4,1
7b54e74b03d,0
1dd9de88708,1
b0d1a51afed,0
1a8e93bc567,0
dc133312e09,0
991b6fdd43a,1
5740d578cd9,0
406fb09ee12,0
497fe87512f,1
f1e59853f49,0
3bb78cb0987,0
5764f0247d5,1
f9a4d3915e6,0
f68c5e759a6,0
b42df11bafb,1
824bb274607,1
95130f758c4,0
dd441cf2b3f,0
d552cfeac8e,1
ccee4c9493e,1
25d78ab07f4,0
a1fb9921019,0
e06cd81653b,0
c4e35095dfe,1
2e8e2271041,1
13df32d65e1,1
7df379af87c,1
5d61960cd3c,1
2f72b1f10f8,0
0e1d4f9a942,1
bd8ae578ae4,1
a184cd830d0,1
f59a2b3d5c9,1
a48e1de170f,0
cd5d5dab8f6,1
0aafe6a9041,1
51a099b8582,1
4c41d08b7a3,1
58441b3e259,0
32e72144883,1
f057dc8316e,0
83f7ac5326e,0
5811a8b8769,0
484bb2d9466,1
7d85ed3a4fe,0
17c9f98adcd,1
885fec82744,1
10d3aaca9c9,0
bb13705144f,1
8b820d7b6b6,1
ec43b31640e,0
ae5786b79f8,1
bb81f20910e,1
c1e0f3d2cb6,0
d8c369adc42,0
b4f175cd93a,0
2a59e0e3d73,1
d70d0cba494,0
15b3afd40fc,0
3fda5f27840,1
1554debdc4c,0
421e0da65cf,1
d60ca764f6c,1
161463798eb,1
53ddfbe2578,1
3f8b08a1a19,1
259a37a64b5,1
f864094f4f5,0
af57097ac7b,1
b079b247e92,0
c4bf6280aa4,0
78eeb80bde8,1
b084f891d4f,0
24f5a258e5b,1
51a532df572,0
74dc00f7dc5,0
d8028cdd64d,0
fe4648b3a92,0
b0c396e0ba7,0
fb8a33abecc,0
93d4611448b,1
142b55bcaf1,0
e963ea6c0aa,1
b75d111be19,0
eafb9e38cdf,0
f96f016545b,0
60bfadb07f1,1
f07eeabb3a8,1
9fc7f72f987,1
b0f403f11bc,0
d3cb6be78d1,1
82d7b50ad89,0
3f2a04e49e7,0
3cfb13e5867,1
ca96b7f8017,1
cc86c7a9493,0
860bdcf3e2b,1
27e7f3428f1,1
cb1e01dd6c1,0
0fddafbba0e,1
b6d44851f39,1
c1af3f2df8e,1
b0d716683f5,0
decb0cc5b41,0
ae36bdd084c,1
1b301d7335b,0
c85d757d14f,1
1f80b9e331e,1
278566ed1ea,1
433237dffac,0
cab045c885a,0
95ecb2b1893,0
1680ec2dc75,1
4883755b073,0
a0b0025870b,0
70dec3ae4e3,0
60dcf7608e9,0
310a18ef1ce,1
faaa612f216,0
3395c2b5c0c,1
be93a72539f,1
1aeca685553,0
21c3863fe81,1
b0d77bdba26,1
e973e428f63,1
30b0157a81b,0
20046e26dcd,1
617a95ac642,0
eb0ec612ab5,0
c195ae341ce,0
03d7d5ee44d,0
321b422767b,1
3b7f34e0f94,0
29dcdffb550,1
dee38384fbc,1
658c3b8aff3,1
e7a7c9951c0,1
5c968c0b307,0
769db103ba8,0
a23d6981f1c,1
ce36ed308b5,0
df3cf754b45,0
d5612c0b8e0,1
3ee2e4782a7,1
376fa6c4ab2,0
56febb56751,1
97814b6e9c4,0
f187c3b5c24,1
bda4fca1131,1
142a689a465,0
e2fbf7d6d36,0
7d059e2821b,1
a21d01f95d5,1
6a23705082b,1
1ad8cb6ab9c,1
2c2f825b881,0
d632ef0c145,1
33bd881a05b,1
74e3b25601d,0
d82f03faa14,1
bd95eaa255a,1
9aeba2751f7,1
c31f168f732,1
cfa4a2874f6,0
66070afc2a4,0
e4b3e295b11,1
258abaff0ca,1
9eedce482cb,0
1055bd31d3e,1
01656fd9ee3,0
aad90c7f4db,1
9f3fe837d33,1
47be3761fde,0
93c3242f432,1
57107be170a,1
89d5bf5de62,0
44519e7b9df,0
cf99643bee7,1
41ee725f1bd,1
0f9ad93816a,0
6d2a110515c,1
6f314e1a667,1
72cc4f326b4,0
a68713e9030,1
4979b723983,1
1478f9bad00,0
2b0fd4ff8d1,0
f7aa659574c,0
56684855c0e,1
92775c9fe0d,1
1671f115182,1
7a66c648207,1
e007625aa37,0
6a3626625a8,0
f4ad140aee6,1
84b187cfcdf,0
9966d3d5533,0
69d9553839b,1
b72c25b796f,1
24907e00869,0
ebe2fd5ec2b,1
ff04c10835f,0
c716bc1dc12,0
81b80fe5bf9,0
8992917b2a6,0
044bd048b7c,0
9ee6636fd07,1
d3bb4da413e,1
a13f7a91ffc,1
f423fdb24d6,1
b88aa57c69d,0
2d2b40758e1,1
10ab8a70b9a,1
e7111077cdb,0
a34c21c3044,1
d9f5ce65250,1
356eafd8cc5,0
0648fd5c633,0
9ff2ac79857,0
fab88e8e1e2,1
a22c986c3f1,0
98739a5ced7,0
591a546ce91,1
2d3aef6e019,1
10c2cd7c8e2,0
4a8c1beb29e,1
5d7fcf68f5d,0
4c53f049c9c,0
2fe79d4e08e,0
1faa0fca561,0
88d2bd1aade,0
11caa067a2b,1
57112b68564,0
9d07023f341,1
1564d6b9a56,1
860f14b0170,0
c17483804d3,0
656254bd340,0
21584574b39,1
25ff3c028d7,1
5b50f98be38,1
21df39d464a,1
f5fdf240032,0
5839d3ff14c,1
e78ab87fd63,0
8bcd1e0c2bd,0
2135f1a539f,0
60764821212,1
86c892f7328,1
da9f28fc7b9,0
588aef19ad7,1
5ac34c7e2ce,1
1cd768b8291,1
8c07389e2f1,0
4ca5fc62b05,0
42f420c6418,1
17c07ba1578,0
a57881e4829,0
e840718e0b2,0
14a1de5b142,0
6ca7ab5cead,1
228bae2e710,0
0d577bc65ed,1
4c61d686895,0
2b93dd609e2,0
63dc66e721b,0
2dc5c7d8b14,1
8c62a4d3761,0
0cfb861560f,0
70617bd0084,0
dd5c341a3cd,1
1f42b7cd83f,0
8da2283bf80,1
f040550ce95,0
a8c6cf4b8f1,1
eaa012f1392,0
6e1ba03029c,1
3b6b083d6dc,1
4c8697e60b9,1
df184807bfd,0
db000663618,0
0b216e49ece,0
06c0457ed49,1
357922d8a3e,1
15f4dcf74b1,1
343a77f31e5,0
fa01fbb00e4,0
a28b80780e7,1
60b09fb7ba4,1
690cc0f63be,1
bd2e59219bd,0
1720e97d16d,1
5a76abea113,1
b909d43e1e3,1
24fd802f8fc,1
c0b8b44eed1,0
94364ef795a,0
63135f146a5,0
a3a6636c6e5,1
23f95c9188c,0
44cc4c7533b,1
726ec5a8ab2,1
ca7b60e8eb1,0
1a0587ecc9a,1
93aba5da177,0
4ad959d4052,0
d7d1fdd48fb,1
39cbf661fa3,0
aa4e49dbb7d,1
7384434912b,0
164531fc30d,0
00c9c4f675c,1
542f41cfdc2,1
ef897a54f97,1
88b255ecfc7,0
1d9d20446c8,1
9eba3c7df6d,1
0dd17f089ea,0
8028458d30c,1
c71d0c1499f,0
522be58f115,0
dbe47f4fca6,0
c524f2c67b6,0
ee7c79737c2,0
2dabf686d8a,1
da332e43123,0
b22884a6f1e,0
48c0de38987,0
b024553f7a5,0
b4e1672b859,1
72e7e15fb09,0
3cf91d49e69,1
55b280249b3,0
95613498f77,0
f254cbfcb94,1
d0fd11c59c6,1
1ba5f432d27,0
c981026f277,0
7d3cfd1df51,0
0d7b9d52ac4,1
ad8d701c142,0
fb68099e2ba,0
5e92f9d956e,0
11a897fd301,1
566aaae1f58,1
2a38fab128f,1
75658afd534,1
3555c9acddc,0
a235fcbf42d,0
eb4c39ebb4d,1
bbde2c7bfc4,0
123f8b1ff0f,1
2621965ebe6,1
1bef9648d00,0
063782fefbe,1
516f4b15e7c,0
21431130280,0
15af14cdd0f,1
00e44632380,0
742bece2d81,0
c6e44620fa1,0
5a6a861c960,0
0c0ef342e21,1
6567b29bac5,0
1616d4e84bc,1
263d5a93fa3,1
b30bc7f635c,1
87af34a8a5d,1
3eed7fabe9f,1
25d379712a8,0
19bad82ab2b,0
ead01f0dee8,0
be725c5ce36,0
7ea1a1182b0,1
7c4024c37c8,1
0ddcce117e5,0
cb0303b6ff5,1
2a9550f0caa,1
96e3d10be54,0
28a4e66fdac,1
db75a7977c3,0
8d2870adf17,1
339a6468ba7,1
6e36994b718,1
645449b064b,0
8d8bea44b0d,1
dcbac6bf866,0
12651e0afa9,0
8da60b8af48,0
ce0094828d9,0
8ca5f16cbca,1
52b8590d390,0
c6a6d2e1494,0
f2afceeb606,1
e3f734861a9,1
5471d5fdc20,0
bb0d158f10f,1
125983e5a61,1
989091f1bbd,1
a1adb225b76,0
fbe664a57cd,1
06f6a18270c,1
ad4df2a73ca,0
71b0c55bcbb,0
0c101d32589,1
e63853cbc07,0
82b914ea04a,1
85caacd5cd1,0
396ec463069,0
53a551f5437,0
a9799c89626,1
00c81009108,0
8ee2c3c22df,0
6cee247a49a,0
658a9fa7e9a,1
1decc458c23,0
1b4587392d5,0
85dd4cdddd1,1
a695f3fe366,0
80fcef46d3c,1
903209a46a8,1
4a1de218858,1
33ba9c417b4,1
687b1995a4d,1
0d4eb04d9c1,0
4d6a653a424,1
39f1868d0eb,1
aa048a0f7f3,1
1695f8a08aa,0
34986cc0a31,0
82caba962d9,1
0466e7f390e,0
876b6e5086b,0
7106f5ead86,1
c4f73073109,0
f15b46a0c98,0
01cb7b1db37,0
e034d900f38,1
d1bc1229310,1
3520b7b0f8d,1
242b46df94b,1
2043327c94c,1
228754dc8f7,0
a2245be3d1d,0
470f79d22cc,1
2b004bf6540,1
b23d3704f17,1
33af3bfb590,0
eae8a64daaf,1
665f3db19fe,1
859200a26b0,1
05ab6b8110f,0
e42d4cac2b8,0
bb246a2d8df,1
593066d8266,0
ba352ebc6cd,1
3e4f4d70bea,1
edb2dd85b96,1
e783893d0a1,1
9de00fe7d98,0
d52d4b98ac1,1
1141f3ce3d2,1
791ba970c78,0
f5d91129f6a,0
30964131772,1
8351b166503,1
bc5d9970696,0
4e8c713509e,1
815e48db474,1
7b89c8cde5c,0
c5cb6fee430,0
9aa7e9a2ad2,0
dc879ea0bd1,1
f092a74da69,1
c57cffe17b9,0
7d36c98a819,1
63f16584898,0
ca673b1212a,1
e3ee0695855,0
b2aebb5d166,0
39c56d53919,0
11b0c5ebd09,0
57a92e602cd,0
705aacdf13e,0
35a1304c359,1
f5917e5492a,0
15bfced47c5,0
dc1d5e37e8c,1
3ae6f566183,0
cdad39692ef,1
65056e5c797,0
ab08ef0a9ef,1
40596957920,1
b1ac76c14ca,0
366d547f8a8,0
112b7382b82,0
1493ee2fed1,1
40152bb80e1,0
c9a1b32840d,1
6551d9da774,0
b609e648f33,1
db81dfb7953,1
47d82936572,1
c2118f19115,1
bd914f4f120,1
2333c397bf0,1
b19d514fd53,0
5636a3b3c25,1
0a4cdbbba99,1
f1b19e9a2bc,1
f04bec4b9d4,0
d228f952f4c,0
a9c92a20d50,0
655ad730c5d,0
96d6ee3db46,1
a90495a0b72,0
a6dd643ecad,1
75e2e08f468,0
6ab4502b594,0
174e8548520,1
a861a6e44c9,1
f68a8bcfe7a,0
f3f20e49706,0
5c61b5a1f94,1
0203daac533,0
4dae0cf3217,0
2b723db728a,0
31a4239a531,1
fc4d253741b,0
6aef9d3277b,0
e26301b3bf4,1
b04933ffef2,1
4bd206ceaa8,0
b067906fd75,0
4294db037a7,1
65e44d4374d,1
22b8b9abf03,0
34795d388d0,1
5d5bbd10cef,1
32e51dea332,0
4fec0a2e2df,1
29dd0d158d0,1
48cc00a0e68,0
d66426c9c68,1
f31cf36aae6,0
3fc6cb5ced2,1
607b31465b8,0
f23b28b0b9f,0
fc2192a5562,0
9e5d7fbcc22,1
37aac176540,0
8556e98df78,1
cae1cb21d71,1
bb003b36918,0
be0b36f83fb,0
5bf9f997d1c,0
b175245ff24,0
710fba228dd,1
b132ba70916,0
c7466c1b997,1
3afbbdbec16,1
9e42f13402c,1
385551d24bd,1
2d68658db50,1
3dc8fbe8e6d,0
6b7e10125e3,1
b7d930426e0,0
02a7ac473e1,0
8a2d784ceb7,1
7a098f8da43,0
7acefb3d6f2,1
8f8043ff5de,1
d1cc2b34bf8,0
feca5233031,0
86da9e07177,0
c9078b2cc14,1
eadaf3f3598,0
c368d600efd,1
88aa787a406,1
020c4b52ef9,0
39746af0ab0,0
a19a9c49fe1,1
af67ce02b74,1
d6153bd51ca,0
fb618ff5d2f,1
a54e9613640,0
751ada66895,0
30b66666f85,1
2167283a553,0
ac4cffc64dc,1
fd8ca34dd23,1
62f76c25d7c,1
cbaa25d80b6,1
56f67499b1a,1
ea168958796,1
e6079fbef1f,1
1aab4b8ec0a,1
71820b74791,0
36520e7bc87,1
a2e182ce262,0
e77c0e0b1d7,0
2a47fe37793,0
e06961d335b,0
29053fc8385,1
a5c94ba3830,1
268447ae842,0
60669fff94b,1
0e1836d29f5,1
97abcd78080,1
ac7344b97b9,0
6ba46c806ed,1
6cd5e8a5fd4,0
1916397f02f,0
36a021dbc3e,1
a7a76b60e63,1
bbeb238c40f,1
6f204107773,0
0ba2c0c2caf,1
c41d9e5a445,0
cecc4c96a89,0
6d3f042ee2e,0
8e4ad450a1a,1
af42b2c9054,1
aa93c0e83e8,0
8022a9f80d3,1
d687ee544c9,1
20eb7987f5e,1
6f499c2e0ca,1
5e28d476fd6,1
a8b06a74125,0
cefd5d68f00,1
bd34442eca7,1
619107fec3c,0
5bc132271ce,0
9094b31cb01,0
bfd4e0aab8e,1
ade492f099e,1
4580715daf1,1
60d2d82ab58,0
d8e0d1628f8,0
d7d3c3a3205,0
29ccba986ff,0
5cd3104f65d,0
88375c810b5,0
50116a9547d,0
b3cc5a75a07,0
c696c7abebb,0
d492b4177c3,0
ab587c35de5,1
f91d65658fc,0
fc7d4b4e69b,1
e694acb51bb,0
2d67dd41dca,1
4aba5c84c4f,1
987a073fe32,1
95a9d14a4a9,0
a35bbd56b50,0
ac6819fa19b,0
eb62261a8a4,1
02908a31b4f,1
2c5a61b9a28,0
b7c21559961,0
b77b651e89d,0
bcf4e8198dd,1
b19d08a1443,1
167bdb90093,0
479495849d0,1
6a7008b9c2b,1
fe6fa9591f6,1
c8079cd5ff0,0
a46506d7663,1
275fc4d2921,1
391943b426d,0
a90efbe845b,0
0b57d41894a,1
0e07fa8d581,1
7a2a10f33df,1
4325c054967,1
87a4b2236ee,0
37481b1d893,0
8d34b6e1c50,0
8428210a80d,0
77956536868,0
7c5ca349048,0
7469993ad7a,0
78727f02dad,0
804586e270d,1
a7c6aef2d93,1
53db9548972,1
70f9b598d11,0
f22d4010abc,1
ccd5c368f7a,0
bea8ea105f8,0
520997999b8,0
90fdf4a6864,0
1f1f8d709a4,1
09f0bc1b530,0
b375c8e8bb1,1
ecb65612a31,1
33a7c9f945c,1
dff7d042787,1
04fe7a7d2d0,0
303743d4100,1
9cd2ba9b0be,0
ae7e3912fa9,0
1230d5f4b22,0
481fc087cdf,0
bb8245830bd,1
2d53a5fefae,1
971611e84d9,1
59c207046e8,0
19183fb30fe,1
63cd4542021,1
1a95e0c4924,0
82b3373ab01,1
16aa6a1b12e,1
0d2675b4251,1
76833fc1c69,1
6d73cf003ee,1
670a3140ada,0
dafb45367cb,0
30dd2f8eb61,1
6fe515baf74,1
9741a2161ef,1
14180f88edb,0
ab1ef051aeb,1
73f8233f847,0
c681add9b6f,1
05e546c11c3,0
03f28f60bf1,0
9076eb86ec8,1
3f52752c2e2,0
61c9413b932,0
1dc17f5d667,1
119f900da42,1
62687f54fd9,1
b17b71d0a9a,1
8fad6ecb5fe,0
bd464da57ef,1
895280a2cce,1
d1869230af5,1
17bca330c5b,1
979fc2ac7e2,0
29544a579c6,0
3b9305e101a,1
a12e75fa48b,0
39dada0f579,1
87fd4740813,1
2bf08ad67d7,1
0df9d4293f9,0
98250a9d41a,0
adca13b2caa,0
28cd6585478,1
a6d052377b2,0
3b2afd151c1,0
b7ced8e22b8,1
f82ed828dd3,0
aac6e73be3e,0
58ffc15558d,0
2086e2536f5,1
9cf1712a527,0
87cece5307f,0
b2c8a38dd7a,1
69d9f3a8e46,1
2e518f38218,1
c0499d4ae21,1
105009c39a6,0
0a63f186584,0
4ea8e3147aa,1
e3db9ec61c3,1
1c5e3e86921,0
76120c49b6c,1
20288717538,0
877ad1d1765,1
afe651328a4,0
27f967a039a,0
732b6b6f623,1
6e65ee59bea,1
693b540bfd5,1
148e6187649,0
fd7e90ffeec,0
34a6d331fa6,0
8a02853c090,0
68e219ebfc8,1
8c49984b4d8,1
8a099bb6c0f,1
d7133ef8463,1
072811e796d,0
ef8da19f4ab,0
af848a479b9,0
2a008f3ca63,1
e0fe9edbffc,0
e1eae7dfec0,1
3aa356a5367,1
551e30c5d14,1
d3e6d253026,0
b01a3c9ce29,0
5a0495d7943,1
bac781cc78b,1
7191caff1a8,0
c406e65b692,1
070a3d1a4a9,0
6e5086d5738,0
9444d6a810c,0
ca723b2c953,0
13e54301657,1
eee1e8aaf64,0
e943b806059,1
8050b6dd5c5,0
4283cd67cc7,1
205195de93d,0
47b0ed5b326,0
8caea372362,0
1b6812fc531,1
120b83fec24,0
bfdbbef478c,1
a67791f6f1e,0
daa2d5c6115,1
90063ac7436,0
34428518eb9,0
9ea40d038ce,0
56ebdff88c3,1
1f527406c56,1
66bc36d8236,1
a89b667589d,1
e20d8a77a4a,0
6a4c4ae45d5,1
5f79eb7e884,0
362e27a0d9d,1
4bba2b466f9,0
14a7fc95158,0
88859157ce9,1
f2dc0765eac,1
6b3127608b8,1
be10dbb7eeb,1
4a96a068c80,0
6a11ba1a08d,0
579ea430bb8,0
4a929df2bf4,1
e778c25ad73,1
99a7ab1519e,1
429e0f8e16d,0
9f316bc4966,0
65a5fe7b88a,1
f8631054f79,0
edbe78090dc,0
4c70953e3b1,0
b9839de58ab,0
9c9bc865850,0
a7d7094b5a2,1
dffca1fdf46,1
dfdaa524326,0
952b499a783,0
c4767ad84e1,0
8f500605cd1,1
26d3e008634,1
0ac030728de,0
a5f65b50410,1
f439af16f1c,1
0be5ba890ca,0
9057f4abbd1,1
87a6f18ebba,1
384ab53500d,1
8b52e140c27,1
0669af37b12,0
02c89f55313,1
61477e2f6e8,1
260584bb876,1
00bacc54bcd,1
fea8e9fb74b,0
dd34355188c,0
c41767ae179,0
dfde9d98b4b,0
95372167c93,0
0c27920803b,0
f776d052404,0
7f2d8b88fce,0
0bd4b92dfae,0
11f61d62e1a,0
0fcc969881d,1
5ecd095431c,1
654daf447e1,0
6fb0c6dc107,1
a1358d92a77,1
6507b840c90,0
b97cea92e50,0
efb7011c3f5,1
9cf245b9ac4,0
863c64cafbc,0
268aec01b2b,0
eb40da7b340,0
ea490ebd0f8,0
2699e65cd8b,1
933e1a957dd,1
dd82c9bf8c0,0
b1c5338217e,0
0b2e575a090,1
380610adcc3,1
750e8ab58f8,1
fda2c3d7995,0
896552c6ff4,0
e07bd9f5ab9,0
dac79b2bb74,1
9c7bfb2e0fd,1
2b8da39d6d3,1
fcc7a581a89,1
2c51f7fc8c4,0
c5ef6be8299,0
f27477553cc,0
18cf41849b2,0
b6a551821e4,0
24a9602ccb8,0
7d482a337a7,1
bcc3dba4cc2,1
cdf47bfbdec,0
35ce783ed9b,0
293651a1b10,1
60ef6c80dab,0
726d53d7553,1
56fa639a62f,1
82e4e5f1334,1
47ee4fc5908,0
bd1f9ad89ca,0
4547074d236,0
73a1aaa95f1,1
53122f949ad,1
bedf4b015ff,0
a6fa17b2aec,1
a1ac0a5d103,0
ae8bd17f17f,1
23debc380e5,0
7e00fa03be0,0
8936108670e,1
9e5413db25b,0
997ad543b41,1
1416d0ec610,0
9772ad85306,0
ebd31c06ea9,0
8e17c591845,1
7a9845a6b89,0
dd4bf3f3aeb,1
4e021c979fa,0
5fe8668fdd1,1
d2ef80b464f,0
462de1da6fc,0
7a3ded37aaa,0
2055bf112da,0
7e642a3d2fd,0
92e7639485f,1
39e8b060650,1
33349764db5,0
143f48e5ce5,0
34e37b9295d,1
d6b337eea1f,1
a3fcbb23bd1,0
4572edd1869,0
004e0e5bf9d,0
04ab29720c1,1
8085774864d,1
a041bd40d01,0
c186e52f440,1
215587672d9,0
6db4e3b6bed,1
438f7bc697f,0
eb199e592a2,0
5a0213146b6,0
9f455cd01e0,1
29c90ed1015,1
6b5e35d76e6,1
657d85fe371,0
b3a8476c5d1,0
b6a48fef593,0
a91737d5e19,1
1d061a9be21,1
c3dfa66c141,0
62f02f0d735,0
73156446e16,1
fcd5c59db59,1
33dd8559470,1
09dd7e95a7c,1
681b2775706,1
c56f03ede2a,0
3d1ffb36156,1
79f31c7d32d,1
a400ea90b1f,0
da4edf9652e,1
8965b2c1d5a,1
e4cbf861e92,1
9db7b635016,1
00b27215ea3,1
7833c9bd0f5,1
d551db01c09,0
fbe6c760c60,1
047e50f7562,0
aafe645bf2b,0
f555daf1b43,1
2103b12370b,1
d1b7b51bc8a,1
a62a46ada36,0
7c4d1b75a9f,1
7a8ecf5ba3e,0
b7cb9e850d0,0
ecba90aaa08,1
bf6d48f818e,0
e2eea20e693,0
b375f2c0a59,1
9884a2d6fcc,1
ab939fb6a9d,0
c2fe13b82d5,0
50c2e73c86c,0
50070d83188,1
adc95adc2ce,1
80d548b30ed,0
c6078d22811,0
450e1f80354,1
2f9282f231b,1
875c49c3a5d,0
9174c632589,1
10ecbec0c07,1
0baa24b2722,0
3cbdddc6d74,0
327d6235213,1
9bd9be33571,0
a186f22c354,1
d0150819f24,1
06cc262788b,1
a4c4ee97fc2,1
3eb512d957d,1
2d852a7fa9d,0
53cd8e6537b,0
97f1266057b,1
9f83adeb47b,0
f9eecc41d58,1
b6ec32bcc85,0
e24aa224817,0
35948990df9,0
367668f723e,1
348f0f623ed,1
c7929529908,0
6f0c06b823d,1
fb95427f240,0
34da0671f73,0
be2a425cb5e,1
765a9aa701b,0
bf9cf328972,1
c7050e0b0e9,1
adfca1a4daf,1
6204e1e599c,0
2c514b7baf8,1
d36e355faca,0
846769acfae,0
618c35eda8f,0
373d2eb3a9a,1
39fdbefa271,0
94f95d34af7,0
5715c968faa,1
a51bdb17573,0
5d44e741f96,1
cc50930db12,1
ad6cfc914b9,0
6bc2ec3611f,1
c025bce1fd6,1
4d9b82d738c,0
c27c5dbd02c,0
b71074e958b,1
74ea650be52,1
2fbec23c0a1,0
c6a3105a348,1
22fd098885a,1
c10076a2927,1
88c1124192e,0
6b88cab66d0,1
39b5e9eb936,1
9deb3623a1c,0
a5973015849,0
a6504abb0e2,1
9607fd2e6bc,1
25b093b9003,1
1e5dfdf694c,1
7ac0147fcd1,1
1b06baacca0,0
3bad3350f66,1
2db6b45b9b9,1
30e8fd77687,1
69babd54b68,0
2d91400fa64,0
14d09c0adcf,1
c1f7aa6fbb1,0
d9f85af20b5,1
c605f699d57,0
0b23ae2828e,1
1f3e7575ceb,1
e6c28e2e636,1
4a01907d2c8,1
d680d369633,0
5becfd95dda,1
3ca52bb1aea,0
ec64f9e8748,0
9b4921cc8e5,0
ad2d4b82747,0
8cd2cba737a,0
6d1443c6537,1
9f88f0ee8c3,1
dd9380279c8,0
bbc634bd1ee,1
f0604534f7c,0
8a227c6ef22,1
0258fb81902,1
e7652538247,1
f3c485846d3,0
2066943f125,0
6b0d5b69620,0
f584c584f20,1
942f79b0635,0
d61850c6bcc,0
d3a6a43cd2c,1
12e9abd3568,1
bf9aa8fdc99,0
2615ff43e1e,1
3a6fbf9ef45,0
3f449801840,1
3ac8359c3d2,1
cf0e04a4e76,0
8014db0a4de,1
e21c52901db,0
a4a8e306a42,0
86e86ef2847,0
6648dea34a8,1
951e54f86a3,0
c04582774ee,0
62cdb85e704,0
3bf1f9456e9,1
dc7c92390ac,1
eceaddabb51,1
5a282d83a85,0
8f773f790e2,1
0df07764adb,1
9162860ef56,1
068ea963d0d,1
03a83b0968c,0
db1a42e1559,1
d07cd23bd26,0
702312755c1,0
98817a40b3e,1
b43ea7ceeae,0
3befc2e3208,1
cf203b90381,1
8453a1547bf,1
a2e954b8644,0
2e35644721e,1
a632bc0bf5a,0
fe0b5173da5,1
9c26de35eba,1
9287157c4fb,0
6cf9a7c1371,1
379ce16693c,1
8f8e5ee1981,0
d4535ac937b,1
2ea9870b826,0
3d220470a09,1
3347068c591,0
a870475b88c,1
27a80d6aa1a,1
1673118eec0,0
0368b8b6284,0
9f4e1983ec5,0
50b3fe31842,1
9f9893df78a,1
42dcca439e9,0
d7b0b27e17c,0
4fe5dc63ed3,0
b969588d19f,0
fb905536c78,0
003d46e3946,0
851e2776fc2,1
2d8606a2061,1
5a827399443,0
afb59e7a856,0
0695cd8a317,1
e2ef75e13e9,0
2e7d2253edd,1
99710179f95,1
85a87fecbe6,0
08cac55cc60,1
eb7338fba38,1
0296b591121,0
9b6f0cb61b2,1
261fe7f891b,1
d7053f5278e,1
a4a92d490e2,1
9b4f1dc85ef,1
bc2731d9e06,0
daeae7b3346,1
0af4e9a9a34,1
01c3408dba4,1
1e93e0856f8,1
652c39d2d7c,1
0373fd114b6,1
16891bc5c96,0
29dec717e64,0
1b311c679d3,1
f1452882845,0
ad9c18564fd,1
da55f618238,1
471fa300720,0
c890c556d7e,1
60060a347ee,0
8cd602af1e8,1
e587b309c38,1
16634c0bb17,1
91a3734809b,0
0ba57bea1f3,1
302aab87cc3,1
5aa9ba5c9f5,1
2cf549f0db2,0
0c83a1fcbdd,0
0a91eb2a015,1
18c5ac88408,1
19089859360,1
496d8c3a425,1
645c46a9bf6,0
2f78d48af4d,1
80192bdfd1b,0
9a38d317c83,0
f4d2801d5ea,0
b337af06268,1
1688d787f77,1
635b4cbe2db,0
3a71fb78210,1
c04f1b16a70,0
3c331361e44,0
fde722e99a0,0
670e9f9cd95,0
e924a091349,1
9e13e9b8e96,1
a29735478c6,1
a74e37434b4,1
f8c4c42f7e7,1
c634e012a2d,0
358b5aa79ec,1
4830c578c75,1
f1235a99a0e,0
7660455c75d,0
2c145ea3f19,0
82d72fb9886,0
bd37ca2fcaa,0
66320298205,1
583b58831e5,0
31ba78cdd8b,1
d0dd6aaaf78,0
7addcafabb2,1
c88cfeb7021,1
7a223143dd1,1
cef511980b9,1
b7dc692745f,1
7640bd1f783,1
5c6e0e6455e,0
35fc5730c2c,1
b49ac962767,0
1eb2761630a,1
b517242dc96,0
ebd08d6a5bd,0
501ecca61e1,0
9d4fb2fde79,1
028c0aa244a,0
cdc5df66afe,0
99f562eb5a4,0
a21f85cebd1,1
90d333788ae,0
6ce62071db7,0
193de7b311e,1
315d63a24a8,0
1ea6beef841,0
31cc3870b54,0
f5077f0502f,0
7395b2088d1,0
69e60724431,0
4813ebd9f65,1
1d140de433d,1
bb8a799e2cb,1
248afb39628,1
f3e6c20b534,1
dd3d72b866f,0
c301156c7cd,0
da836f3665b,0
89095f2138c,0
e6dcff9cd33,1
d32f5e32b7c,0
aa0f11d20f5,0
326a3b2ab9e,0
43273791c4e,0
320c93e9290,0
e9cc66dec8b,1
0649727632f,1
583066e4bdb,0
226936935ad,1
582714eec03,1
9971b04054b,0
ea8efc8ea5c,0
88609fc4032,1
9c430272489,1
d31c5c5fd58,1
c07e2247928,0
970545c0ef7,1
22e62e863f0,0
092eaa54633,1
db97ca97247,0
86ae11a90d2,1
5389ec728b9,1
2d98b01c9a5,0
90131678c2f,0
2ddeaf4b06c,0
95b53a3de6a,0
3b6fb55ae5e,0
7a150f1cdbb,1
d87c4eace8f,1
e6342ccc0dd,1
d2e750a1931,1
0a223787907,0
c15ca469772,1
b156264c508,0
fe4885416f4,1
37fe13e3ec5,1
77aeffce737,1
9120c110679,0
27c0f30e34a,1
3f0f9892b44,1
f186ef2b53e,1
6cdb8bc30c3,1
2d276373eb7,1
1529f47cb9d,1
c81d74b6ced,0
8728b9bb93f,0
57718753a6c,0
14afcd8b161,0
a415077a073,0
578ebe2f639,0
0a09bf49d78,0
b9abcd29c3d,1
ebe8d9bd0eb,0
270c5f274ea,1
f06e9dd5987,1
2fc419ba5b2,1
04562b33260,0
cff917bcf3d,0
2f567ee462e,0
bd0ac0f6c63,0
7f0f114a58c,1
b17232c57ab,1
618fda0f279,1
e2d37d2532c,0
fdde5829971,0
93bc786d585,1
c3f4cb31d06,1
e14ec827003,1
8c50745f5e1,1
5813d9e33d3,0
c695a70cc28,0
8ad0f2b5b0c,0
d0f7ad69acc,1
09169aa8bd2,0
84c9120396d,1
3e13430966b,0
b223e7de9b0,0
e69c15b12b5,1
4f5fe2c4bf6,0
58ae2e9f636,1
4ae91e8d0c7,1
80b2b82f07d,0
324f2116230,0
42329f59d26,0
205ff47e3bd,1
fefc1066694,0
dec76c1a214,1
e8aafe10e96,1
e046e8add8d,1
adc588178da,0
c6b483b4e12,0
26aa25814aa,1
83fc9358ff7,1
fa906e4a83d,0
d735aa4edb6,0
c3223b52742,1
7eb25443825,0
34e0510238d,1
5d6c47e2275,1
9f608a1bd4f,1
ac89b601172,1
a23937eb493,0
b00a429061a,0
29527f010cf,0
1212b6e6c74,0
4fcf60a0cae,0
537cd586d29,1
a143a7c9d46,1
5ea1110255c,1
f7a3564d380,0
93e12d85464,0
ae7c134a9ba,1
a03d26a3652,1
e5aca3fbcb3,0
8f1373f235a,0
615b99995a9,1
8de453d7221,0
aede8beddbd,1
b2825a26528,1
3ec21d2abea,0
6e9053763a7,1
2bde3156cfa,1
719f3e16f73,1
f5c05f2fcc3,0
60661b52fb1,0
660684cac3e,0
e7c683f8b33,1
b0d2a2573c2,0
b482fbeb3b8,0
079ae651840,0
21c918de93a,1
1c47cac2e35,1
7891d9281b7,1
efc49c956ff,1
1114b5b7053,0
306ebd4f866,1
8372239ea15,1
84d4f6a36cd,0
f82b7f3011c,1
1ebb81af23c,1
1a3b0cb8d3f,1
b03cc4acc01,0
60951955789,0
950e3fe6e1a,1
75c12d8c5f0,0
fb55b7aff49,1
0c6d868ce22,1
6a515a4e47b,1
07fa8f6a396,1
ac34de22528,0
ffbd2581f68,0
f11c6d3ad38,1
9b7d3ed6929,1
9f4e01d4876,0
47dd9673e0b,0
303c1b91af7,1
1609a3782e9,1
6cc223f23ac,0
9f1c3d6f5eb,0
96bc172dd65,0
02b83aca4d5,1
c2e36a946a7,0
71ffc85a5d3,0
8f50456dbd2,1
af8ae34366a,0
ceee1607dca,0
9b421ead3b3,0
13ea009805c,1
8b098126a5e,1
52e6a7ded9e,0
a5ad3f55acb,1
cb4185e9c02,0
b288ef5f5fa,1
c0c4b0e95d8,1
91779f0d565,1
85bfb65708b,1
1245088d3ab,0
0f97d9410ae,1
8fda0d9359e,0
e19b26ec632,0
8ec5abffb95,0
7c291ca9bab,1
17396fa60c0,0
8043f80e817,1
e42ad5dd281,0
b3f392909b6,1
b0021878b36,0
297c6ecb95e,1
7e6566b1497,1
9bab6ebdd17,0
68ee67de7ec,0
3507ca6b07c,1
0b6d28dcdb9,0
5246363d22a,0
78eb3484093,0
b07e8ace687,0
b75bc9e7fa2,0
760f5298769,1
b86b721625c,0
58be0996683,1
84ffc8d7bb8,1
2b4eb72a7f1,1
5038c5e9b09,1
b3d8c032c56,1
63f57a3f772,0
8a526f33a03,1
01f59168eeb,0
2646841aef1,1
86ab5cbf6cf,1
5582954180c,1
acba54e5ef8,1
e16d2ba076c,1
bd514898df2,1
491b6b50211,0
3dcbfab0d1a,0
ffe426d29d2,0
13484749cbb,0
34402dd61ff,0
b7ec8d54a15,1
729129ee47f,1
ac939e4adab,1
a82e8e66a9e,1
9eac9ec03c4,0
7b8a5134c49,0
1cd021f59fd,1
dcd5090c088,1
608ec0c81bc,1
3915929e4d9,0
6cb5866f1bb,0
8452f0147b8,0
eb048498168,0
e4d3ed23e7e,1
a5b2b1a1c46,0
297ec9c4292,0
313924269b7,1
c5cc5f52a54,1
d2689757605,1
39748b35ff7,1
75937e374f9,0
c697945b792,0
6eacf9ce160,0
a5fb4e5fb7d,1
918c8b496ac,1
756f8c7d2e4,0
57b389ed3f9,1
52be2339164,0
7e6b5817c63,1
b155a5c4f70,0
eef223e87e7,1
30837964965,0
6b908f90200,1
b16955edb35,0
f008252088d,1
0a0e4a31fae,1
c117cf246c2,0
07b2aeb8179,1
e155b11cc1e,1
76f7f1a64ea,0
4e7199ce4b8,0
e106f95141f,0
67180ee3ca8,0
0eb9b8e7744,1
54b25d952c6,0
4e9851899d7,0
80b96b0067b,0
3ad2738392b,0
694e0718ad1,0
dbc10a81594,1
efd65dba9ab,0
23ab3ca9ae2,1
19cd06e9c6a,0
a53781e8f78,1
540f6a5dd3b,0
a29a4e7ef81,1
1442fcb0216,0
bf8b6e623f3,0
6685a542d49,0
5801a22aba4,1
85328241dcf,0
17744f6413c,1
cd744a3da17,1
58a6f8ea00c,0
306fdfa92cd,1
3f86407550b,1
b020afb171b,0
b16175a4dd7,1
f8244295cd1,1
5e256adcc76,1
979d2cd3d76,1
a4af662152a,0
e655339a07c,1
41723283a49,0
ec95259ffce,0
eae3b32e9b8,1
193d0f03099,0
0ea4c40237c,0
68ed47c2cfd,1
75ab457af87,0
8c2c752ef46,0
8033fa8f903,0
84a56e3b804,0
a77432c90c8,1
7d56bf2b982,1
02f4fb4f749,1
0e47dca3441,1
39580b6d93c,0
d8ff8de3fa6,0
046bb4726e9,1
99a48b56440,1
ebf42fa6479,0
a98b8a4ba44,0
0dd36c2b481,1
8e8c1b067d1,0
91ebb4cd259,1
4dfd5086f97,1
3866435db03,1
866ee6e53eb,1
0385f3e1df7,1
c529193fc29,1
3e595cbe3b3,0
3d5c1ce28ce,1
dd83d9aac7e,1
c615615d0f9,1
6e6d5fe0028,0
94ea7f1bb2f,0
4b691f85653,1
8f45a1c367c,0
d10eee745f4,0
08fc3562e16,0
0f5be51948c,0
f3be8701a0c,0
60e69848e51,0
2c5d607b1ed,0
9182511ee09,0
04d7c2fc476,1
22a9509cd0e,1
a548e9c9305,0
f175cad6309,0
5d0589c807d,0
e6a3dd223ff,0
ac149b88bbf,0
f2bdc97819a,1
adc4137005b,1
ebdbcc1fa9e,1
3decc0fead6,0
34125751624,0
f3536462404,1
45bfde017ca,0
83a05a8c282,0
defc550be83,1
ae428b7265b,0
7f177b59b33,0
310c82f139c,0
ef63a7e374f,0
bbc897530f2,1
4cc0961d548,0
86589488abc,1
d71a5e30bb5,1
1783d673467,1
cb7f8b8a7e2,0
848ab3887e8,1
e002089911e,1
bf3f3649d4d,1
c1608ced158,0
77aba0f17f5,0
136f37551e6,0
2fecb8763c3,0
8a1dd53daf4,1
2a3835ed39b,0
2302ee1619e,0
49bc617cdac,0
feeb2bd470e,1
50dda81ad3f,1
9cee06678b4,1
1792013c6c6,1
daaf2f228a3,1
4cf231d1e05,1
1b86365cf05,1
dfda64afa60,1
04e610c6ace,0
13e46adf1e0,0
c4c88bc1ee8,1
3000c9342f8,1
717b30764a9,0
7f55e05c042,1
49be6361934,1
683ba625763,0
b6f07560d18,1
88a019aaf59,0
2082adfdedb,0
6aa95c41ebd,1
ca7ea52c055,0
f97a6e61634,0
80c9d8973cf,1
4281866e5c2,0
4b8b39c5532,0
046e08b6e8f,0
20c6dd63bb0,0
a7c7ef7af87,1
59fde64c827,1
e91f38e2f4d,0
d04276f2a95,0
134ea6a8c73,1
dcea8257e7e,0
9930cf22461,1
56067edfb85,0
9b955899025,0
ab0db294c3f,1
db6e9630003,0
abfd26b538a,0
e8da689a8ee,1
91b87847f0c,0
ccbb975375d,1
7965b17c4b2,0
a46acd79956,1
69f405903a6,1
a18c7fc8fe1,1
6a37ea97831,1
fabddc1b7cb,1
febaf11469e,0
ac877872f01,0
756e6ab3902,1
89a5d06cec1,1
051f2e204ce,1
081d3ebd2bf,1
e8036b8966f,1
3e62c56a8c0,0
d723f5670a5,0
794e81cc32e,0
d2b7e926913,0
655b148a6d6,1
80a72288e64,1
92ed6895e49,0
6f2627df77c,1
6591a423345,1
342b154bce9,1
d5b21ef1c0b,1
75f728d894b,0
cb66beff5da,1
8f88bca0036,1
ffbcedc31f5,0
f4ce92a5dc7,0
f6ca06b2abb,0
75f9f43b7d1,0
1ff191e59bc,1
3b1bc441922,0
9a5199555b9,0
95153cb89f9,1
1cef7b10661,1
5d814b4a4f2,0
1b8340db7e0,0
6807ef17e43,1
f0954adc4a7,0
8f17ad5b2e9,0
8f35708c190,1
4730819d985,1
bedd3c59cce,1
d633e0e98e3,1
c9a59803947,0
59d75139b60,1
d26dc659100,1
2c2a30077c1,0
6a8c70faca4,0
17495ab7917,1
4dea665246e,0
ad20ddb9717,1
ee96215963a,1
ddb79460ed5,0
adce7d09dd0,1
153ca8c24ae,1
c00ae14ef33,1
41938fcb8b5,1
e2ca1a8a68b,0
0ee28db2cf8,1
71594938bc9,0
443cccd0968,0
1b1d685de66,1
2f662340d38,1
f7c05f96207,1
fd7b4a30e92,1
06bf120172a,1
0ad59ba14c9,0
aa5e52ac9c5,0
c9d5bca754b,1
aead2b29ec9,1
f2348214f59,0
76c7e159eda,1
42e26e9a44b,0
e94283c6478,1
a46722a809a,0
780e68b843b,0
3a95a693e38,0
054a8027356,1
563cd41a8b3,1
6094a937ea5,1
cfe4273474a,0
978fe98342d,1
6e280553299,1
8dc0c3f9cf3,1
9b7efb66379,1
a3c3fb5a37e,1
44b642693ef,1
d121f61cf63,0
32e8d45d00e,1
07256e81a28,0
1383886501f,1
fc1ec282021,1
ed012c7e69b,1
46d0870647f,0
bb1eae0aa74,0
b3b9f9191ec,0
25eddc971f6,0
56cc07b3e1f,0
f5ad8c9ed0d,1
3e0422c66c3,1
36384a9a053,1
fe5ba1bb5d8,1
ea51e7648df,1
25d4b5b37b9,1
975ea2115fc,0
040c12f93a9,0
ca9a805d51b,1
b5b42fa3ed6,0
eeaebc03260,1
89c8bf389ba,0
e6b14829738,1
e431c2e0a72,1
f7760e5edea,0
16801a920ad,0
30540d86251,1
2353a7e614b,0
dd21cf76002,1
78f0d7daead,1
248933a6afd,1
e2e1f2c85a4,1
d53561c09fc,1
26c91a21ded,1
abd351ee4a0,1
428619d3fd3,0
f79e3d927bc,0
de4ff28ef32,1
7beadc32375,1
c65666212ab,1
cfca8f3228d,0
da106fb07d2,1
f6c9cae27a1,0
5563f8c5342,1
1693f9f4054,0
f5f7191f953,1
7f2fe7da5a2,1
2afd9bd0105,0
3cb7b2dff18,1
b3a5c167817,0
dae70e7ff05,0
a20a59919ca,0
f523c7736b5,0
fc13f29b3ee,1
e249c3d7d25,0
22481dcfe6e,0
797fadda22d,0
28674419ffe,0
a3fa8ab2596,0
8457aa77c73,0
f47bd2beeec,0
4429959bf36,0
ddf5a0385ce,1
9835ede4da7,0
1e920d95c64,1
81a4ac12036,1
1e7ad67e023,1
e1f7fa120af,0
c28def69153,0
69b3e287fdd,1
fe4bc4c5ed8,1
cdf3bc48d20,0
1af1bd214e8,0
03a8c34e2a0,1
c99af68bfcd,0
14d241637ed,0
7719a68a17e,1
fc70b1225b4,1
8a96a2502b7,1
bcf5238c623,1
2d9effb1370,1
56b2e9d94a3,1
393bd52a5f6,1
954746c9624,1
d45c5110da5,0
af6881921ea,0
0ca130cbf79,1
9cec343ecef,1
d7360d947a1,0
31bbbef405f,0
8d46914d236,1
334b2b2aed8,1
35b019aad09,1
df3de9f1cf9,1
a3f7ce8ce94,0
7c61db9a356,1
ec1e4a565f0,0
4c290930828,0
d7e3577ff73,1
5e1de97231b,1
0262aa088c3,1
0f6754747bd,0
81f931ff224,0
b890c2ac56b,0
1c4bd76dcc0,1
93b3c4777e0,1
61b3ef27b53,1
4eaa56996a2,1
c00cf0a8d42,0
363a045142a,1
4a70d15631b,0
36aef751e82,1
165ba2273c5,0
c973f9fee4b,1
504bccebc77,0
d08fd020704,0
257122a6c55,1
495c411cbf6,0
282c1a0ddf8,1
db6909ac397,1
4697e16a938,0
92f0e10e51f,0
5c12d3b4ffe,1
e8e80f44a01,1
9914daffec3,0
b12efd1b17b,1
fb9f4f1f804,1
f9f2d5d9a11,0
5f758c36b11,0
4bc544f15fb,0
f152253fc1c,1
18e73bd510a,1
b29fbdca84b,1
80a36ced7e2,1
c0bb0d56063,0
86c96346b44,1
39341ad08f5,1
4b82ba04184,1
a16780063a2,0
6211c630132,1
402b83c3aec,1
0b8466fb316,0
fdfc1e77ba4,1
d6e3c7acf17,1
718d863d56e,0
8aefb36ef48,1
01644001be4,0
f4bd03df866,0
ff07bda8c66,1
061841213be,1
0ec0f903297,1
263b2ad0d0a,1
03e46c7ff42,1
d59539ac5da,0
e5db9d1eaaf,1
50773f3a7f7,1
5e79fc1a2ca,1
1f418106785,1
008e27c98ea,0
38dbd380a46,0
60e8da41f25,0
fa0f3a8f5ad,0
6bafcc66337,1
e5284460215,0
fa111fe22dd,1
50d253584fc,0
306b6a0e4be,0
ce29cc06f26,0
2352d115559,0
c96cb22549a,0
13b6d599a4b,0
df75277f628,0
5e509fdd91a,1
6708bf54b79,0
863ab7733ba,0
f4d7e5d46b6,1
60c7788374a,1
bbb33879f6f,1
44132e34cb4,1
c43594f2688,1
21b30136fca,1
e442df4ee4f,0
8b2b411b96d,1
f704b499d4b,0
6845bb70495,1
5ec4c6ba197,0
df344a615c9,1
39d0c0c602b,1
5f756655d2e,1
6a2892bc975,1
0c3df6ca9e6,0
f0856c3f412,1
fb6e13582e2,1
d5aa139533e,1
95156e8ee1e,0
4854522a64b,0
7e51eb67c33,1
094b1085ac9,1
a170f788599,1
2558a9820c9,1
c56d89dc80e,1
dd3e935da3f,1
3c00cb8683d,1
dd38a5e1c5f,0
2182d841ca9,1
911bc8ddbfe,0
3d53c80f2a4,0
6e94d60de06,1
23bcadc5f73,1
df975a7eadb,1
3f61ab12a42,0
f200fb6b4f5,0
6578ee8227d,1
f904ab13247,1
20c6bd45094,1
da9c0cfc4a6,0
e30f7ce3e62,0
c8f6c8207e8,0
effbfc217d7,0
afff31b42ed,0
7a470b666fd,0
21de30904a9,1
116d42f43a2,1
196fc45fd79,0
f0cfe3732ab,1
fed810f30c3,0
183f8feee8b,1
25a9be4e204,1
e72f4ab5b07,1
45bed9a63fe,0
eaf2b285052,0
61b75ccfcb7,0
763f2c4b868,0
54a909f2c81,0
47459749a99,0
957fdb83046,0
a34756c98ab,0
